url_length,has_ip,subdomain_count,dot_count,hyphen_count,at_symbol,double_slash_redirecting,prefix_suffix,shortening_service,suspicious_tld,digit_count,letter_count,special_char_count,entropy,has_https,domain_age_days,has_dns_record,num_external_links,num_internal_links,has_form,num_scripts,num_iframes,has_login_form,suspicious_keywords_count,label
42,0,1,2,1,0,0,0,0,0,4,31,7,4.168886994558424,0,-1,0,0,0,0,0,0,0,0,1
46,0,1,4,0,0,0,0,0,0,1,35,10,4.412270315214323,0,-1,0,0,0,0,0,0,0,0,1
58,0,1,2,2,0,0,0,0,0,0,49,9,4.143185962258587,0,-1,0,0,0,0,0,0,0,0,0
52,0,1,2,1,0,0,0,0,0,3,41,8,4.079965439170122,0,-1,1,0,0,0,0,0,0,0,1
30,0,1,2,0,0,0,0,0,0,0,24,6,3.8565647621309544,1,-1,1,378,0,1,71,1,0,0,0
98,0,1,2,2,0,0,1,0,0,25,59,14,4.870759625156781,0,-1,0,0,0,0,0,0,0,0,1
24,0,1,2,0,0,0,0,0,0,0,18,6,3.9387218755408675,1,-1,0,0,0,0,0,0,0,0,0
43,0,1,2,0,0,0,0,0,0,0,37,6,4.080350731889837,1,-1,1,0,0,0,0,0,0,0,0
66,0,1,4,1,1,0,0,0,0,0,53,13,4.412718597059803,0,-1,0,0,0,0,0,0,0,0,1
83,0,0,1,4,0,0,0,0,0,34,37,12,4.71254019135437,0,-1,0,0,0,0,0,0,0,0,1
106,0,2,5,0,0,0,0,0,0,7,83,16,5.141005365803153,0,-1,0,0,0,0,0,0,0,0,1
36,0,1,2,0,0,0,0,0,0,0,30,6,4.078696876021637,1,-1,0,0,0,0,0,0,0,0,0
65,0,1,3,2,0,0,0,0,0,5,48,12,4.504394113022326,0,-1,0,0,0,0,0,0,0,0,1
60,0,1,2,2,0,0,1,0,0,10,40,10,4.690328621280336,0,-1,0,0,0,0,0,0,0,0,1
47,0,3,5,0,0,0,0,1,0,10,28,9,4.20599144773606,0,-1,0,0,0,0,0,0,0,0,1
112,0,1,2,10,0,0,0,1,0,0,95,17,4.309917821209997,0,-1,1,106,0,1,25,2,0,3,0
44,0,0,3,0,0,0,0,0,0,0,36,8,3.9696844590546907,0,-1,0,0,0,0,0,0,0,0,0
66,0,1,2,1,0,0,1,0,0,7,50,9,4.786913536635867,1,-1,1,3,67,1,72,0,0,0,0
50,0,1,2,0,0,0,0,0,0,0,40,10,4.201076880026371,1,-1,0,0,0,0,0,0,0,0,0
28,0,1,2,0,0,0,0,0,0,0,23,5,3.9677201004745,1,-1,1,2,78,0,25,0,0,0,0
84,0,0,2,2,0,0,0,0,0,0,72,12,4.23580353402117,0,-1,1,0,0,0,0,0,0,0,1
41,0,1,2,0,0,0,0,0,0,0,33,8,4.277926089825635,1,-1,0,0,0,0,0,0,0,0,0
85,0,2,4,0,0,0,0,0,0,31,45,9,4.759826237213414,0,-1,0,0,0,0,0,0,0,0,1
126,0,3,4,1,0,0,0,0,0,16,91,19,4.721517202882966,1,-1,0,0,0,0,0,0,0,0,1
22,0,1,2,0,0,0,0,0,0,0,16,6,3.7544418457133446,0,-1,1,4,0,0,12,1,0,0,0
29,0,0,2,0,0,0,0,0,0,0,23,6,3.9523029776623866,0,-1,0,0,0,0,0,0,0,0,1
42,0,1,2,2,0,0,0,0,0,5,29,8,4.214128292889141,0,-1,1,0,0,0,0,0,0,0,1
27,0,1,2,1,0,0,0,0,0,1,19,7,3.90231157591703,1,-1,0,0,0,0,0,0,0,0,1
92,0,0,1,2,0,0,1,0,0,28,52,12,4.823803299046739,0,-1,0,0,0,0,0,0,0,0,1
25,0,1,2,0,0,0,0,0,0,0,19,6,3.943465189601646,1,-1,1,6,12,0,2,0,0,0,0
19,0,0,1,0,0,0,0,0,0,0,15,4,3.2608281712244547,0,-1,1,0,1,0,0,0,0,1,0
57,0,1,3,0,0,0,0,0,0,0,48,9,4.1835344270007955,0,-1,0,0,0,0,0,0,0,0,0
68,0,1,3,0,0,0,0,0,0,4,52,12,4.324410319937514,0,-1,0,0,0,0,0,0,0,0,0
34,0,1,2,2,0,0,0,0,0,0,26,8,4.0796786498829745,0,-1,0,0,0,0,0,0,0,0,0
74,0,1,2,4,0,0,0,0,0,7,56,11,4.355959912979334,0,-1,1,0,0,0,0,0,0,0,0
54,0,1,3,4,0,0,0,0,0,0,43,11,4.092876280647646,0,-1,1,19,0,1,10,0,0,2,0
29,0,1,2,0,0,0,0,0,0,0,23,6,3.6673146153696132,1,-1,0,0,0,0,0,0,0,0,0
213,0,1,3,1,0,0,1,0,0,92,102,19,4.785777155259652,0,-1,0,0,0,0,0,0,0,0,1
37,0,1,2,0,0,0,0,0,0,0,31,6,4.060012149061902,1,-1,0,0,0,0,0,0,0,0,0
54,0,2,3,0,0,0,0,0,0,0,45,9,4.120835077024071,1,-1,1,19,26,0,23,1,0,2,0
53,0,1,2,0,0,0,0,0,0,4,40,9,4.284458313732673,0,-1,0,0,0,0,0,0,0,0,1
53,0,1,2,0,0,0,0,0,0,0,44,9,4.359442624129597,0,-1,0,0,0,0,0,0,0,0,0
55,0,1,2,1,0,0,0,0,0,10,36,9,4.474554204780527,0,-1,0,0,0,0,0,0,0,0,1
38,0,1,2,0,0,0,0,0,0,0,32,6,3.865576855207248,0,-1,1,7,37,0,36,1,0,0,0
31,0,1,2,0,0,0,0,0,0,0,25,6,3.6955011488173946,1,-1,0,0,0,0,0,0,0,0,0
57,0,0,3,1,0,0,0,0,0,2,44,11,4.463782996317235,0,-1,0,0,0,0,0,0,0,0,1
35,0,1,2,0,0,0,0,0,0,0,27,8,3.8401568604088587,1,-1,1,3,448,1,15,1,1,4,0
34,0,1,2,0,0,0,0,0,0,0,28,6,3.8558656947524796,0,-1,0,0,0,0,0,0,0,0,0
56,0,3,5,2,0,0,0,1,0,1,44,11,4.202917932201099,0,-1,1,0,0,0,0,0,0,0,1
30,0,1,2,0,0,0,0,0,0,0,24,6,4.0062389286533895,1,-1,0,0,0,0,0,0,0,0,0
89,0,1,2,7,0,0,0,0,0,5,69,15,4.351119106382481,1,-1,0,0,0,0,0,0,0,0,0
51,0,1,2,0,0,0,0,0,0,0,42,9,4.355537901604238,0,-1,0,0,0,0,0,0,0,0,0
54,0,1,3,0,0,0,0,0,0,0,43,11,4.16510099416413,1,-1,0,0,0,0,0,0,0,0,1
110,0,1,3,7,0,0,0,0,0,15,78,17,4.624321274270012,0,-1,1,7,0,1,21,0,1,4,0
20,0,1,2,0,0,0,0,0,0,0,14,6,3.546439344671015,0,-1,1,0,0,0,18,0,0,0,0
47,0,1,3,0,0,0,0,0,0,0,38,9,3.967283342440876,1,-1,0,0,0,0,0,0,0,0,0
57,0,1,3,0,0,0,0,0,0,6,42,9,4.687552952495541,0,-1,1,0,0,0,0,0,0,0,0
83,0,1,2,0,0,0,0,0,0,7,64,12,5.094549371859049,1,-1,1,0,1,0,26,0,0,0,1
22,0,1,2,0,0,0,0,0,0,0,16,6,3.7544418457133446,0,-1,0,0,0,0,0,0,0,0,0
27,0,0,1,0,0,0,0,0,0,3,18,6,3.9861879650463043,1,-1,0,0,0,0,0,0,0,0,0
46,0,1,3,0,0,0,0,0,0,0,38,8,4.224117662343593,0,-1,0,0,0,0,0,0,0,0,1
41,0,1,2,0,0,0,0,1,0,0,36,5,4.198777004512548,0,-1,0,0,0,0,0,0,0,0,0
83,0,1,3,4,0,0,0,0,0,12,58,13,4.497853137698438,1,-1,0,0,0,0,0,0,0,0,0
77,0,0,1,0,0,0,0,0,0,16,54,7,4.593175872634925,0,-1,1,0,0,0,0,0,0,0,1
26,0,0,1,0,0,0,0,0,0,3,18,5,4.103909910282363,1,-1,0,0,0,0,0,0,0,0,1
22,0,1,2,0,0,0,0,0,0,0,17,5,3.51602764126623,0,-1,0,0,0,0,0,0,0,0,0
70,0,1,3,0,0,0,0,0,0,0,60,10,4.425591860285231,0,-1,1,0,0,0,0,0,0,0,1
64,0,1,3,1,0,0,0,0,0,0,51,13,4.347274413893479,0,-1,1,0,0,0,3,0,0,0,1
68,0,1,3,1,0,0,0,0,0,0,55,13,4.568957238806496,0,-1,1,0,0,1,0,0,0,4,1
46,0,1,3,0,0,0,0,0,0,1,37,8,4.224117662343593,1,-1,0,0,0,0,0,0,0,0,0
45,0,1,2,1,0,0,0,0,0,0,38,7,4.224751985026256,1,-1,1,0,0,0,0,0,0,0,0
41,0,1,2,0,0,0,0,0,0,0,33,8,4.183430895168873,0,-1,0,0,0,0,0,0,0,0,1
167,0,1,2,1,0,0,0,0,0,24,135,8,5.45883926910932,0,-1,0,0,0,0,0,0,0,0,1
128,0,3,4,1,0,0,0,0,0,28,81,19,4.865720340660783,1,-1,0,0,0,0,0,0,0,0,1
22,0,1,2,0,0,0,0,0,0,2,14,6,3.663532754804254,1,-1,1,212,0,1,23,1,0,1,0
73,0,1,3,0,0,0,0,0,0,11,49,13,5.121685265030196,0,-1,0,0,0,0,0,0,0,0,1
74,0,1,3,0,0,0,0,0,0,6,51,17,4.635081832331412,0,-1,1,0,0,0,0,0,0,0,0
27,0,1,2,0,0,0,0,0,0,0,21,6,3.606015279620733,1,-1,0,0,0,0,0,0,0,0,0
34,0,1,2,1,0,0,0,0,0,1,26,7,4.175123135113461,1,-1,1,0,0,0,0,0,0,0,1
40,0,1,2,0,0,0,0,0,0,0,34,6,4.108694969562841,0,-1,1,0,0,0,0,0,0,0,0
68,0,3,4,0,0,0,0,0,0,7,52,9,4.469620657892327,0,-1,1,0,0,0,0,0,0,0,1
31,0,1,2,2,0,0,1,0,0,0,23,8,4.106949132758152,1,-1,0,0,0,0,0,0,0,0,0
42,0,1,3,2,0,0,1,0,0,0,33,9,4.094000160564931,0,-1,0,0,0,0,0,0,0,0,0
41,0,1,2,0,0,0,0,0,0,0,33,8,4.247557492317427,1,-1,1,0,0,0,0,0,0,0,0
38,0,0,1,1,0,0,0,0,0,0,30,8,4.198603750787606,0,-1,0,0,0,0,0,0,0,0,0
100,0,1,3,1,0,0,0,0,0,23,64,13,4.784240136070536,0,-1,0,0,0,0,0,0,0,0,1
38,0,1,2,0,0,0,0,1,0,0,33,5,3.988077434998132,0,-1,0,0,0,0,0,0,0,0,0
71,0,0,3,2,0,1,0,0,0,1,56,14,4.084685550981706,1,-1,0,0,0,0,0,0,0,0,1
29,0,1,2,0,0,0,0,1,0,2,22,5,3.978333581185264,0,-1,0,0,0,0,0,0,0,0,1
73,0,1,3,1,0,0,1,0,0,18,46,9,4.718590443588818,0,-1,0,0,0,0,0,0,0,0,1
152,0,1,2,20,0,0,0,0,0,0,126,26,4.417648855839261,1,-1,1,0,0,0,0,0,0,0,0
42,0,1,2,2,0,0,0,0,0,0,34,8,3.9284140071748546,0,-1,0,0,0,0,0,0,0,0,1
77,0,0,1,0,0,0,0,0,0,21,49,7,4.721413573685927,0,-1,1,0,0,0,0,0,0,0,1
98,0,1,6,2,0,0,0,0,0,0,84,14,4.341238611130359,1,-1,0,0,0,0,0,0,0,0,1
19,0,0,2,0,0,0,0,0,0,0,14,5,3.7216117239699,0,-1,0,0,0,0,0,0,0,0,0
629,0,1,2,8,0,0,0,0,0,108,498,23,5.965198780580716,0,-1,1,0,0,0,0,0,0,0,1
65,0,1,2,3,0,0,0,0,0,0,55,10,4.356511275528548,0,-1,0,0,0,0,0,0,0,0,0
23,0,1,2,0,0,0,0,0,0,0,17,6,3.849223912390625,1,-1,0,0,0,0,0,0,0,0,0
29,0,1,2,0,0,0,0,0,0,0,23,6,3.926272374139508,1,-1,1,0,39,1,35,1,0,0,0
125,0,3,4,1,0,0,0,0,0,23,83,19,4.722655765355769,0,-1,1,0,0,0,0,0,0,0,1
66,0,1,3,1,0,0,0,0,0,0,54,12,4.069852074588732,0,-1,0,0,0,0,0,0,0,0,1
25,0,1,2,0,0,0,0,0,0,2,17,6,3.6128786893420304,1,-1,0,0,0,0,0,0,0,0,0
24,0,1,3,0,0,0,0,0,0,0,17,7,3.709147917027245,1,-1,1,80,0,1,23,0,0,0,0
163,0,4,6,0,0,0,0,0,0,26,121,16,5.43099422310018,0,-1,0,0,0,0,0,0,0,0,1
39,0,1,2,0,0,0,0,0,0,3,30,6,3.9872178475009488,0,-1,0,0,0,0,0,0,0,0,1
123,0,1,2,0,0,0,0,0,0,40,64,19,5.196171571741552,1,-1,1,0,0,0,10,0,0,0,1
56,0,3,5,2,0,0,0,1,0,9,36,11,4.496924958035209,1,-1,1,0,0,0,0,0,0,0,1
51,0,1,2,3,0,0,0,0,0,0,41,10,4.429600283437102,0,-1,0,0,0,0,0,0,0,0,0
32,0,0,1,1,0,0,1,0,0,0,25,7,3.902518266288633,0,-1,1,1,167,1,38,0,0,0,1
42,0,0,2,0,0,0,0,0,0,2,32,8,4.130562221357547,0,-1,0,0,0,0,0,0,0,0,1
29,0,1,2,0,0,0,0,0,0,2,22,5,4.1162646156680225,0,-1,1,0,0,0,0,0,0,0,0
91,0,0,2,0,0,0,0,0,0,9,66,16,4.58035127257673,1,-1,0,0,0,0,0,0,0,0,0
128,0,3,4,1,0,0,0,0,0,15,94,19,4.751134982402209,1,-1,0,0,0,0,0,0,0,0,1
24,0,0,1,0,0,0,0,0,0,2,16,6,3.6572682296173897,0,-1,0,0,0,0,0,0,0,0,1
56,0,1,2,3,0,0,0,0,0,0,46,10,4.349341698990737,0,-1,1,9,52,1,19,0,0,0,0
66,0,1,3,0,0,0,0,0,0,0,55,11,4.546002407395105,0,-1,0,0,0,0,0,0,0,0,0
117,0,3,4,0,0,0,0,0,0,19,80,18,4.743592319808227,0,-1,0,0,0,0,0,0,0,0,1
90,0,1,3,5,0,0,0,0,0,5,73,12,4.320205398680322,0,-1,1,77,6,0,53,1,0,6,0
70,0,0,1,7,0,0,0,0,0,0,56,14,4.388361818902569,1,-1,1,6,4,0,26,1,0,1,0
111,0,0,4,1,0,0,0,0,0,12,84,15,4.7417778624989975,0,-1,0,0,0,0,0,0,0,0,1
45,0,1,2,0,0,0,0,0,0,0,35,10,4.354936219469004,0,-1,0,0,0,0,0,0,0,0,0
49,0,1,2,2,0,0,0,0,0,0,40,9,4.1304433960907065,1,-1,1,271,0,1,22,0,0,15,0
47,0,1,2,2,0,0,0,0,0,4,35,8,4.4265133195786195,0,-1,0,0,0,0,0,0,0,0,1
126,0,3,4,1,0,0,0,0,0,18,89,19,4.675618810673649,1,-1,1,0,0,0,0,0,0,0,1
33,0,1,2,0,0,0,0,0,0,3,24,6,4.233639952626228,1,-1,0,0,0,0,0,0,0,0,1
144,0,0,1,7,0,0,0,0,0,30,93,21,4.643023723115386,0,-1,0,0,0,0,0,0,0,0,1
34,0,1,2,0,0,0,0,0,0,0,28,6,4.02085512047121,1,-1,0,0,0,0,0,0,0,0,0
25,0,0,2,0,0,0,0,0,0,0,19,6,3.7336606896881848,1,-1,0,0,0,0,0,0,0,0,0
159,0,0,3,2,0,0,0,0,0,5,128,26,4.7658294441517235,0,-1,0,0,0,0,0,0,0,0,1
102,0,1,2,7,0,0,0,0,0,6,79,17,4.821601779987788,0,-1,1,0,1,0,41,1,0,0,0
57,0,2,4,3,0,0,0,0,0,1,45,11,4.3277944011503395,1,-1,0,0,0,0,0,0,0,0,1
35,0,1,3,0,0,0,0,0,0,0,28,7,4.050013373778755,1,-1,0,0,0,0,0,0,0,0,0
71,0,1,2,1,0,0,0,0,0,0,60,11,4.0363944815749555,0,-1,0,0,0,0,0,0,0,0,1
36,0,1,2,0,0,0,0,1,0,0,30,6,4.016875695766563,1,-1,0,0,0,0,0,0,0,0,0
92,0,1,3,0,0,0,0,0,0,13,65,14,5.30819741770783,1,-1,1,0,0,0,9,0,0,1,1
32,0,1,2,0,0,0,0,0,0,0,26,6,3.819548827786958,0,-1,1,0,0,0,0,0,0,0,1
32,0,1,2,0,0,0,0,0,0,0,26,6,3.9292292966721747,1,-1,0,0,0,0,0,0,0,0,0
25,0,0,1,0,0,0,0,0,0,3,17,5,4.213660689688184,0,-1,1,0,0,0,0,0,0,0,1
34,0,1,2,0,0,0,0,0,0,0,28,6,3.8780682683455234,1,-1,1,35,13,1,29,0,0,0,0
45,0,1,2,2,0,0,0,0,0,1,35,9,3.8112830317643343,1,-1,0,0,0,0,0,0,0,0,0
28,0,1,2,1,0,0,1,0,0,0,21,7,3.91379956460568,1,-1,1,25,0,1,68,1,0,0,0
76,0,1,2,1,0,0,0,0,0,0,62,14,4.084814976093489,0,-1,0,0,0,0,0,0,0,0,1
124,0,4,5,0,0,0,0,0,0,28,77,19,4.846700295503839,1,-1,0,0,0,0,0,0,0,0,1
40,0,1,2,1,0,0,0,0,0,8,26,6,4.53418371977919,0,-1,0,0,0,0,0,0,0,0,0
44,0,0,1,0,0,0,0,0,0,1,36,7,4.144106550888951,0,-1,0,0,0,0,0,0,0,0,1
75,0,3,4,3,0,0,0,1,0,0,60,15,4.177328825158426,0,-1,1,0,0,0,0,0,0,0,1
238,0,1,2,1,0,0,0,0,0,46,164,28,5.032718743362464,0,-1,0,0,0,0,0,0,0,0,1
67,0,0,2,2,0,0,1,0,0,4,51,12,4.25019735578989,0,-1,0,0,0,0,0,0,0,0,1
25,0,1,2,0,0,0,0,0,0,0,19,6,3.5132696895151074,0,-1,0,0,0,0,0,0,0,0,0
74,0,1,3,1,0,0,0,1,0,0,62,12,4.217909326881724,1,-1,0,0,0,0,0,0,0,0,0
70,0,1,2,1,0,0,0,0,0,4,54,12,4.302278511060241,0,-1,0,0,0,0,0,0,0,0,1
23,0,0,1,0,0,0,0,0,0,0,18,5,3.7622673906514947,1,-1,0,0,0,0,0,0,0,0,0
52,0,1,2,2,0,0,0,0,0,0,42,10,4.159802527016963,1,-1,1,18,145,0,20,5,0,0,0
69,0,0,2,1,0,0,0,0,0,0,58,11,4.2340017187185435,1,-1,0,0,0,0,0,0,0,0,1
26,0,1,2,0,0,0,0,0,0,0,20,6,3.9500637564362093,1,-1,0,0,0,0,0,0,0,0,0
45,0,3,4,2,0,0,0,1,0,3,32,10,4.266977196801592,1,-1,1,0,0,0,0,0,0,0,1
45,0,0,2,0,0,0,0,1,0,0,37,8,4.002173931003955,0,-1,0,0,0,0,0,0,0,0,1
33,0,1,2,0,0,0,0,1,0,0,28,5,3.9912157102019847,0,-1,0,0,0,0,0,0,0,0,1
25,0,1,2,0,0,0,0,0,0,0,19,6,4.023465189601645,0,-1,0,0,0,0,0,0,0,0,0
72,0,1,3,1,0,0,0,0,0,6,52,14,4.567145967883179,0,-1,1,6,1,1,10,0,0,0,0
17,0,0,1,0,0,0,0,0,0,0,13,4,3.4548223999466066,0,-1,0,0,0,0,0,0,0,0,0
57,0,2,5,0,0,0,0,0,0,2,46,9,4.26911057715128,0,-1,1,0,0,0,0,0,0,0,1
64,0,1,3,0,0,0,0,0,0,2,51,11,4.386587797403417,0,-1,1,1,0,0,1,1,0,0,1
33,0,1,2,0,0,0,0,0,0,0,27,6,3.937444876540854,1,-1,1,2,0,1,11,0,0,6,0
56,0,1,2,1,0,0,1,0,0,0,48,8,4.229130986207537,0,-1,1,0,0,1,5,0,0,0,0
27,0,1,2,0,0,0,0,0,0,0,21,6,3.7541634277688813,1,-1,0,0,0,0,0,0,0,0,0
227,0,1,4,0,0,0,0,0,0,72,136,19,4.842255442258727,1,-1,0,0,0,0,0,0,0,0,1
50,0,1,3,0,0,0,0,0,0,4,36,10,4.267976439385299,0,-1,1,0,0,0,0,0,0,0,0
38,0,1,2,1,0,0,0,0,0,0,30,8,4.260828171224455,1,-1,1,18,111,1,5,1,1,6,0
35,0,1,2,0,0,0,0,1,0,0,29,6,3.797020431713803,1,-1,1,0,0,0,0,0,0,0,1
21,0,0,1,0,0,0,0,0,0,0,16,5,3.6537567082870006,1,-1,0,0,0,0,0,0,0,0,1
20,0,0,2,1,0,0,1,0,0,0,14,6,3.446439344671015,0,-1,0,0,0,0,0,0,0,0,1
103,0,1,2,2,0,0,1,0,0,5,82,16,4.588498464410221,1,-1,0,0,0,0,0,0,0,0,1
75,0,0,3,0,1,0,0,0,0,0,62,13,4.448819278677647,1,-1,0,0,0,0,0,0,0,0,1
31,0,1,2,0,0,0,0,0,0,0,25,6,4.106949132758152,1,-1,0,0,0,0,0,0,0,0,0
51,0,1,3,4,0,0,1,1,0,0,40,11,4.140288763786837,0,-1,1,11,45,0,20,2,0,1,0
121,0,1,2,2,0,0,0,1,0,8,95,18,5.219154535433705,1,-1,0,0,0,0,0,0,0,0,1
55,0,1,3,1,0,0,0,1,0,0,45,10,4.09947801417888,1,-1,0,0,0,0,0,0,0,0,0
75,0,1,3,0,0,0,0,0,0,18,49,8,4.6553084442512835,0,-1,0,0,0,0,0,0,0,0,1
48,0,1,2,3,0,0,0,0,0,0,38,10,4.16540071973329,0,-1,0,0,0,0,0,0,0,0,0
77,0,1,3,2,0,0,1,0,0,4,57,16,4.489071815089426,1,-1,0,0,0,0,0,0,0,0,0
25,0,1,2,0,0,0,0,0,0,0,19,6,4.023465189601645,0,-1,0,0,0,0,0,0,0,0,0
77,0,1,2,0,0,0,0,0,0,14,55,8,4.507590282170212,1,-1,0,0,0,0,0,0,0,0,1
49,0,0,2,0,0,0,0,0,0,0,41,8,4.22208064090036,0,-1,0,0,0,0,0,0,0,0,0
41,0,1,2,0,0,0,0,0,0,0,34,7,4.247557492317426,0,-1,0,0,0,0,0,0,0,0,1
53,0,0,2,0,0,0,0,0,0,3,41,9,4.236683427399852,0,-1,1,4,2,1,10,1,0,0,1
121,0,1,2,3,0,0,0,0,0,17,88,16,5.014568688308387,1,-1,0,0,0,0,0,0,0,0,1
32,0,1,2,0,0,0,0,0,0,0,26,6,4.030639062229566,0,-1,1,7,0,0,10,0,0,0,0
52,0,1,2,1,0,0,0,0,0,0,43,9,4.117003248378835,0,-1,1,60,69,0,33,1,0,3,0
52,0,1,3,0,0,0,0,0,0,0,43,9,4.1189237381886405,0,-1,0,0,0,0,0,0,0,0,1
65,0,1,3,2,0,0,0,1,0,0,53,12,4.708766613255314,0,-1,0,0,0,0,0,0,0,0,0
36,0,1,2,0,0,0,0,1,0,1,30,5,4.062305474194334,0,-1,1,6,0,1,7,0,0,0,1
47,0,1,3,0,0,0,0,0,0,0,40,7,4.087871894878754,0,-1,0,0,0,0,0,0,0,0,0
45,0,0,2,0,0,0,0,0,0,1,36,8,4.017659842382177,0,-1,0,0,0,0,0,0,0,0,1
133,0,1,2,2,0,0,0,1,0,9,102,22,5.499328373226066,1,-1,0,0,0,0,0,0,0,0,1
69,0,1,2,4,0,0,0,0,0,5,50,14,4.428954668199462,0,-1,1,40,12,1,61,0,0,1,0
36,0,1,2,0,0,0,0,0,0,0,29,7,4.0860486123130375,0,-1,0,0,0,0,0,0,0,0,0
33,0,1,2,1,0,0,0,0,0,0,27,6,4.165013816065913,1,-1,0,0,0,0,0,0,0,0,1
38,0,1,2,1,0,0,0,0,0,5,26,7,4.293594289588575,1,-1,1,0,0,0,0,0,0,0,1
39,0,0,1,0,0,0,0,0,0,0,32,7,3.9746479758170237,0,-1,0,0,0,0,0,0,0,0,1
61,0,1,2,4,0,0,0,0,0,6,45,10,4.477799788659758,1,-1,0,0,0,0,0,0,0,0,0
23,0,1,2,0,0,0,0,0,0,0,17,6,3.7622673906514947,0,-1,0,0,0,0,0,0,0,0,0
25,0,1,2,0,0,0,0,0,0,0,20,5,3.973660689688185,0,-1,0,0,0,0,0,0,0,0,0
19,0,0,1,0,0,0,0,0,0,0,14,5,3.7474130395316396,1,-1,0,0,0,0,0,0,0,0,1
55,0,1,3,4,0,0,1,0,0,0,44,11,4.231207332321362,0,-1,1,74,0,0,27,3,0,0,0
63,0,1,3,2,0,0,0,0,0,0,54,9,4.1395904392012275,1,-1,0,0,0,0,0,0,0,0,0
50,0,0,1,1,0,0,1,0,0,0,43,7,4.1361746300696405,0,-1,0,0,0,0,0,0,0,0,1
45,0,0,2,0,0,0,0,0,0,2,36,7,4.144537752260993,0,-1,0,0,0,0,0,0,0,0,1
44,0,1,2,0,0,0,0,0,0,0,37,7,4.135234743489788,0,-1,1,36,3,1,26,1,0,0,0
65,0,1,3,0,0,0,0,0,0,0,55,10,4.1430604604373595,0,-1,0,0,0,0,0,0,0,0,0
39,0,1,3,1,0,0,0,0,0,0,30,9,4.028490680178816,0,-1,1,0,0,1,12,0,0,0,1
67,0,1,3,1,0,0,0,0,0,0,58,9,4.41095705628492,1,-1,0,0,0,0,0,0,0,0,0
77,0,0,1,0,0,0,0,0,0,17,53,7,4.433440854318955,0,-1,0,0,0,0,0,0,0,0,1
69,0,1,3,2,0,0,0,0,0,3,55,11,4.465044885528057,0,-1,1,2,0,1,16,0,0,1,0
35,0,0,1,3,0,0,1,0,0,0,27,8,3.9900172174899016,0,-1,0,0,0,0,0,0,0,0,1
28,0,1,2,0,0,0,0,0,0,0,22,6,3.797902689682947,1,-1,1,27,7,1,21,0,0,14,0
32,0,1,2,0,0,0,0,0,0,2,25,5,4.140319531114783,0,-1,0,0,0,0,0,0,0,0,1
37,0,1,2,0,0,0,0,0,0,0,30,7,4.003259028248121,1,-1,1,0,0,0,0,0,0,0,0
36,0,1,2,1,0,0,0,0,0,0,29,7,3.842857292808497,1,-1,0,0,0,0,0,0,0,0,1
36,0,0,1,1,0,0,0,0,0,0,29,7,4.041336376912015,1,-1,1,0,0,0,0,0,0,0,0
96,0,1,2,6,0,0,0,0,0,0,83,13,4.097671930758878,0,-1,0,0,0,0,0,0,0,0,0
25,0,1,2,0,0,0,0,0,0,0,19,6,3.753269689515107,1,-1,0,0,0,0,0,0,0,0,0
51,0,0,1,3,0,0,0,0,0,0,42,9,3.9530021170359873,0,-1,1,42,80,1,74,0,0,1,0
41,0,0,1,0,0,0,0,0,0,0,35,6,3.948419382403027,1,-1,0,0,0,0,0,0,0,0,0
69,0,3,4,0,0,0,0,0,0,5,55,9,4.718475137963169,0,-1,0,0,0,0,0,0,0,0,1
27,0,0,1,0,0,0,0,0,0,4,17,6,3.8100810205217313,0,-1,0,0,0,0,0,0,0,0,0
85,0,0,2,1,0,0,0,0,0,0,71,14,4.247948473388077,0,-1,1,0,0,0,0,0,0,0,1
58,0,2,5,0,0,0,0,0,0,2,46,10,4.265213057065438,0,-1,0,0,0,0,0,0,0,0,1
44,0,2,3,0,0,0,0,1,0,0,37,7,4.056054210413333,0,-1,1,13,0,0,9,0,0,0,1
32,0,1,2,0,0,0,0,0,0,0,26,6,4.007048827786958,1,-1,1,2,1122,1,12,0,0,38,0
54,0,1,3,0,0,0,0,0,0,0,45,9,4.366114938095118,1,-1,0,0,0,0,0,0,0,0,0
84,0,1,3,6,0,0,0,0,0,0,71,13,4.417157863275964,0,-1,0,0,0,0,0,0,0,0,0
23,0,1,2,0,0,0,0,0,0,0,17,6,3.6211755429194716,0,-1,0,0,0,0,0,0,0,0,0
15,0,0,1,0,0,0,0,0,0,0,10,5,3.32323142879762,0,-1,0,0,0,0,0,0,0,0,0
43,0,1,2,0,0,0,0,0,0,0,36,7,4.408254580031926,1,-1,0,0,0,0,0,0,0,0,0
45,0,1,3,0,0,0,0,0,0,0,37,8,4.077436640957574,0,-1,0,0,0,0,0,0,0,0,0
62,0,0,1,0,0,0,0,0,0,23,32,7,4.621467431627347,0,-1,0,0,0,0,0,0,0,0,1
25,0,1,2,0,0,0,0,0,0,0,19,6,3.863465189601646,0,-1,0,0,0,0,0,0,0,0,0
90,0,1,2,7,0,0,0,0,0,0,76,14,4.2733558416324735,1,-1,0,0,0,0,0,0,0,0,0
77,0,1,4,0,0,0,0,0,0,0,66,11,4.3670731514113275,0,-1,0,0,0,0,0,0,0,0,1
27,0,1,2,0,0,0,0,0,0,1,20,6,3.930270372293455,0,-1,1,0,0,0,0,0,0,0,0
52,0,1,4,1,0,0,1,0,0,2,40,10,4.382568083276077,1,-1,0,0,0,0,0,0,0,0,1
38,0,1,3,0,0,0,0,0,0,0,31,7,4.023471592049353,0,-1,0,0,0,0,0,0,0,0,0
77,0,1,3,0,0,0,0,0,0,25,44,8,4.703103060254539,1,-1,0,0,0,0,0,0,0,0,1
26,0,1,3,0,0,0,0,0,0,0,19,7,3.7091151984942705,1,-1,1,12,1,0,50,0,0,2,0
13,0,0,1,0,0,0,0,0,0,1,8,4,3.238901256602631,0,-1,1,0,0,1,4,0,1,3,0
61,0,1,4,0,0,0,0,0,0,1,47,13,4.561083648683627,0,-1,1,0,0,0,0,0,0,0,0
26,0,0,2,1,0,0,1,0,0,0,19,7,3.9500637564362093,1,-1,0,0,0,0,0,0,0,0,0
45,0,3,4,0,0,0,0,0,0,0,37,8,4.218870595993136,0,-1,0,0,0,0,0,0,0,0,1
47,0,1,3,0,0,0,0,0,0,0,37,10,4.351837255656769,1,-1,0,0,0,0,0,0,0,0,1
162,0,0,6,1,0,0,0,0,0,43,98,21,5.493094676663005,0,-1,1,0,0,0,0,0,0,0,1
132,0,1,3,2,0,0,0,0,0,13,107,12,5.626230365469216,1,-1,0,0,0,0,0,0,0,0,1
80,0,1,3,6,0,0,0,1,0,7,58,15,4.529749859046178,1,-1,1,140,7,1,9,0,1,4,0
24,0,0,1,0,0,0,0,0,0,3,15,6,3.7720552088742005,1,-1,0,0,0,0,0,0,0,0,0
44,0,1,3,1,0,0,1,0,0,0,35,9,4.191830766118721,1,-1,0,0,0,0,0,0,0,0,1
59,0,0,2,0,0,0,0,0,0,1,49,9,4.097893474003403,0,-1,0,0,0,0,0,0,0,0,1
22,0,1,2,0,0,0,0,0,0,1,15,6,3.538310595615005,0,-1,0,0,0,0,0,0,0,0,0
55,0,1,2,1,0,0,0,0,0,3,44,8,4.074554204780528,0,-1,1,0,0,0,0,0,0,0,1
43,0,1,2,0,0,0,0,0,0,9,26,8,4.403609674445421,1,-1,0,0,0,0,0,0,0,0,0
65,0,2,4,0,0,0,0,0,0,1,53,11,4.296906614283515,0,-1,0,0,0,0,0,0,0,0,0
59,0,1,2,0,0,0,0,0,0,23,29,7,4.719436431004371,0,-1,0,0,0,0,0,0,0,0,1
110,0,0,2,2,0,0,1,0,0,20,76,14,4.740825709504484,0,-1,0,0,0,0,0,0,0,0,1
37,0,1,2,0,0,0,0,0,0,0,29,8,4.357837824971467,1,-1,0,0,0,0,0,0,0,0,0
59,0,0,4,0,0,0,0,0,0,1,46,12,4.2597853211948165,0,-1,0,0,0,0,0,0,0,0,1
39,0,1,2,1,0,0,0,0,0,0,32,7,4.192346052629154,0,-1,1,0,0,0,0,0,0,0,0
25,0,0,2,0,0,0,0,0,0,0,19,6,3.8634651896016456,1,-1,0,0,0,0,0,0,0,0,0
28,0,0,1,0,0,0,0,0,0,0,22,6,3.9946803684089094,0,-1,0,0,0,0,0,0,0,0,1
60,0,1,3,1,0,0,0,0,0,0,49,11,4.318820387022781,0,-1,0,0,0,0,0,0,0,0,1
42,0,0,2,0,0,0,0,0,0,0,33,9,4.243158791671846,0,-1,0,0,0,0,0,0,0,0,1
29,0,0,1,1,0,0,1,0,0,0,21,8,3.853863219997788,0,-1,0,0,0,0,0,0,0,0,0
29,0,0,3,0,0,0,0,0,0,1,21,7,3.9093680639438846,1,-1,0,0,0,0,0,0,0,0,1
43,0,1,2,2,0,0,0,0,0,0,33,10,4.536388882458135,1,-1,0,0,0,0,0,0,0,0,0
43,0,1,2,0,0,0,0,0,0,0,37,6,3.856870720856423,1,-1,0,0,0,0,0,0,0,0,1
126,0,3,4,1,0,0,0,0,0,24,84,18,4.78196556036753,0,-1,1,0,0,0,0,0,0,0,1
68,0,1,3,0,0,0,0,0,0,0,59,9,4.287409488398752,0,-1,1,11,44,0,10,0,0,2,0
77,0,1,3,0,0,0,0,0,0,0,65,12,4.149812684486645,0,-1,0,0,0,0,0,0,0,0,1
42,0,1,3,3,0,0,0,0,0,3,29,10,4.246151577840245,0,-1,1,1,2658,1,14,0,0,7,0
32,0,1,2,0,0,0,0,1,0,1,26,5,4.077819531114783,0,-1,0,0,0,0,0,0,0,0,1
28,0,1,2,0,0,0,0,0,0,1,20,7,3.9677201004744997,1,-1,1,79,0,1,19,1,0,9,0
63,0,1,3,2,0,0,0,0,0,0,53,10,4.068472885586725,1,-1,1,0,0,0,0,0,0,0,0
30,0,0,1,1,0,0,1,0,0,0,23,7,3.9898980954642873,0,-1,0,0,0,0,0,0,0,0,1
41,0,1,2,0,0,0,0,1,0,0,36,5,4.1291488832375896,0,-1,0,0,0,0,0,0,0,0,1
82,0,1,3,0,0,0,0,0,0,5,63,14,4.925843584907627,0,-1,0,0,0,0,0,0,0,0,1
99,0,1,2,2,0,0,0,0,0,8,79,12,5.214658514541116,1,-1,0,0,0,0,0,0,0,0,1
112,0,1,3,6,0,0,0,0,0,2,92,18,4.586336500919963,0,-1,0,0,0,0,0,0,0,0,0
31,0,1,2,0,0,0,0,0,0,0,25,6,3.7843684875968617,0,-1,0,0,0,0,0,0,0,0,0
48,0,1,3,1,0,0,0,0,0,1,39,8,4.2665414066556515,0,-1,1,39,43,1,32,2,0,0,0
33,0,1,2,0,0,0,0,0,0,0,26,7,4.043801694853791,0,-1,0,0,0,0,0,0,0,0,1
28,0,0,1,0,0,0,0,1,0,0,23,5,3.896291529045928,0,-1,1,0,0,0,0,0,0,0,1
45,0,1,2,0,0,0,0,0,0,3,33,9,4.374860596185443,0,-1,1,28,0,1,21,5,0,0,1
45,0,0,1,0,0,0,0,0,0,0,40,5,3.9745047643853657,0,-1,0,0,0,0,0,0,0,0,1
22,0,1,2,0,0,0,0,0,0,0,16,6,3.503997527334848,1,-1,0,0,0,0,0,0,0,0,0
40,0,1,3,1,0,0,1,0,0,3,29,8,4.446439344671015,0,-1,0,0,0,0,0,0,0,0,1
83,0,1,2,1,0,0,0,0,0,0,70,13,4.447220217091363,1,-1,0,0,0,0,0,0,0,0,0
36,0,0,2,0,0,0,0,0,0,0,28,8,4.006749918638778,0,-1,1,0,0,0,0,0,0,0,1
80,0,1,3,0,0,0,0,0,0,6,59,15,4.541682589575967,0,-1,0,0,0,0,0,0,0,0,0
19,0,1,2,0,0,0,0,0,0,0,13,6,3.5368867237421666,1,-1,0,0,0,0,0,0,0,0,0
26,0,1,2,0,0,0,0,0,0,0,20,6,3.921029621737614,0,-1,1,4,13,1,0,0,1,6,0
50,0,1,5,1,0,0,0,0,0,0,38,12,4.04159351100563,0,-1,0,0,0,0,0,0,0,0,1
76,0,3,4,1,0,0,0,0,0,9,57,10,4.533708106371297,0,-1,0,0,0,0,0,0,0,0,1
43,0,1,2,0,0,0,0,0,0,3,31,9,4.600456033671239,1,-1,0,0,0,0,0,0,0,0,0
62,0,1,2,4,0,0,0,0,0,0,51,11,4.198260480699484,0,-1,0,0,0,0,0,0,0,0,0
35,0,1,3,0,0,0,0,0,0,0,27,8,4.050013373778755,0,-1,1,0,0,0,0,0,0,0,0
47,0,1,3,1,0,0,0,0,0,4,35,8,4.247654341779327,0,-1,0,0,0,0,0,0,0,0,0
138,0,1,2,2,0,0,0,1,0,5,115,18,5.390476088024772,0,-1,0,0,0,0,0,0,0,0,1
72,0,1,3,4,0,0,0,1,0,5,56,11,4.667413758839757,0,-1,0,0,0,0,0,0,0,0,0
69,0,3,4,0,0,0,0,0,0,8,52,9,4.484537319846122,1,-1,0,0,0,0,0,0,0,0,1
41,0,2,3,2,0,0,0,0,0,0,32,9,4.247557492317426,0,-1,1,0,0,0,0,0,0,0,1
21,0,0,1,0,0,0,0,0,0,1,15,5,3.7489948035250964,1,-1,0,0,0,0,0,0,0,0,1
30,0,1,2,0,0,0,0,1,0,0,24,6,3.923231428797621,0,-1,0,0,0,0,0,0,0,0,0
86,0,1,2,7,0,0,0,0,0,0,71,15,4.105370425462037,0,-1,0,0,0,0,0,0,0,0,0
78,0,1,2,7,0,0,0,1,0,0,64,14,4.303013995256371,1,-1,1,0,0,0,0,0,0,0,0
29,0,1,2,0,0,0,0,0,0,0,23,6,3.853863219997788,1,-1,1,303,0,0,97,0,0,0,0
49,0,1,2,0,0,0,0,0,0,0,41,8,4.254930446501112,0,-1,0,0,0,0,0,0,0,0,0
33,0,1,2,1,0,0,1,0,0,0,25,8,3.922589573641669,1,-1,0,0,0,0,0,0,0,0,0
67,0,1,3,0,0,0,0,0,0,0,58,9,4.2331041165700904,0,-1,0,0,0,0,0,0,0,0,1
96,0,1,2,1,0,0,0,1,0,14,68,14,4.5715207733441945,0,-1,1,1,1,1,23,0,0,2,0
56,0,1,3,0,0,0,0,0,0,0,44,12,4.247386235695261,0,-1,1,1,4,0,1,0,0,0,0
74,0,1,2,5,0,0,0,0,0,0,60,14,4.628806245213708,0,-1,0,0,0,0,0,0,0,0,0
27,0,1,2,1,0,0,1,0,0,0,20,7,3.9763856499911046,0,-1,1,2,2,1,12,0,0,0,0
25,0,0,1,0,0,0,0,0,0,4,16,5,4.293660689688184,1,-1,1,0,0,0,0,0,0,0,1
85,0,1,2,2,0,0,0,0,0,6,69,10,4.876488731802438,1,-1,0,0,0,0,0,0,0,0,1
83,0,1,3,2,0,0,0,0,0,7,61,15,5.049578365463254,0,-1,0,0,0,0,0,0,0,0,0
75,0,0,2,5,0,0,0,0,0,8,52,15,4.773121731966098,1,-1,1,0,0,0,0,0,0,0,0
30,0,1,2,0,0,0,0,0,0,0,24,6,4.0062389286533895,1,-1,0,0,0,0,0,0,0,0,0
37,0,1,2,0,0,0,0,1,0,0,31,6,4.022530474793987,1,-1,0,0,0,0,0,0,0,0,1
52,0,1,2,0,0,0,0,0,0,0,45,7,4.121340988555425,0,-1,0,0,0,0,0,0,0,0,0
319,0,1,4,8,0,0,0,0,0,113,162,44,5.135101329866863,1,-1,1,0,0,0,3,0,0,0,1
77,0,1,2,5,0,0,0,0,0,0,65,12,4.311779809188084,1,-1,1,0,0,0,1,0,0,0,0
87,0,1,2,0,0,0,0,0,0,0,71,16,4.648058692188715,0,-1,1,0,6,1,34,0,0,1,0
126,0,3,4,1,0,0,0,0,0,17,90,19,4.739523322823045,1,-1,0,0,0,0,0,0,0,0,1
33,0,1,2,0,0,0,0,1,0,0,27,6,3.998050937146914,0,-1,0,0,0,0,0,0,0,0,1
64,0,1,3,3,0,0,1,0,0,6,46,12,4.327569336880353,0,-1,1,12,0,0,3,0,0,1,0
68,0,1,2,4,0,0,0,0,0,19,37,12,4.565404666450817,0,-1,0,0,0,0,0,0,0,0,1
41,0,1,2,0,0,0,0,0,0,0,35,6,4.073913212347579,1,-1,0,0,0,0,0,0,0,0,0
28,0,1,2,0,0,0,0,0,0,0,22,6,3.940759832540089,0,-1,0,0,0,0,0,0,0,0,1
17,0,1,2,0,0,0,0,0,0,0,12,5,3.4992275471326932,0,-1,0,0,0,0,0,0,0,0,1
45,0,1,2,1,0,0,0,1,0,0,38,7,4.160383163865372,0,-1,0,0,0,0,0,0,0,0,1
50,0,1,2,0,0,0,0,0,0,0,41,9,4.276565630242718,1,-1,1,0,0,0,0,0,0,0,0
52,0,1,2,1,0,0,0,1,0,6,37,9,4.155464786840373,1,-1,0,0,0,0,0,0,0,0,0
33,0,0,2,0,0,0,0,0,0,0,28,5,4.028946391954607,0,-1,0,0,0,0,0,0,0,0,0
39,0,0,2,1,0,0,1,0,0,0,30,9,3.994004065616087,0,-1,0,0,0,0,0,0,0,0,1
50,0,3,4,0,0,0,0,0,0,0,42,8,4.229275070710713,0,-1,1,0,0,0,0,0,0,0,1
32,0,1,2,0,0,0,0,0,0,0,25,7,3.890319531114783,0,-1,0,0,0,0,0,0,0,0,1
31,0,1,2,0,0,0,0,0,0,2,23,6,4.147114052043201,0,-1,1,0,0,0,0,0,0,0,0
72,0,1,3,0,0,0,0,0,0,0,63,9,4.376736163097807,0,-1,0,0,0,0,0,0,0,0,1
35,0,1,2,0,0,0,0,0,0,4,26,5,4.272140159802108,1,-1,1,0,0,0,0,0,0,0,1
113,0,1,2,13,0,0,0,0,0,9,85,19,4.430382187281413,0,-1,0,0,0,0,0,0,0,0,0
39,0,1,2,1,0,0,0,0,0,0,31,8,4.089781950065051,0,-1,0,0,0,0,0,0,0,0,0
38,0,1,2,0,0,0,0,0,0,0,32,6,4.0761031709967215,0,-1,0,0,0,0,0,0,0,0,0
38,0,0,2,0,0,0,0,1,0,3,28,7,4.0605744745287495,1,-1,0,0,0,0,0,0,0,0,1
27,0,1,3,0,0,0,0,0,0,0,20,7,3.7541634277688813,1,-1,1,9,149,1,8,0,1,4,0
52,0,0,2,0,0,0,0,0,0,2,40,10,4.187535209236147,0,-1,1,0,0,0,0,0,0,0,1
32,0,1,2,1,0,0,1,0,0,0,23,9,3.3255059710789405,0,-1,0,0,0,0,0,0,0,0,1
256,0,0,2,4,0,0,0,0,0,167,73,16,4.039226436331809,1,-1,0,0,0,0,0,0,0,0,1
72,0,1,3,1,0,0,0,1,0,0,61,11,4.4064821276822,1,-1,0,0,0,0,0,0,0,0,0
74,0,1,2,14,0,0,0,0,0,5,48,21,4.1574492257263715,0,-1,0,0,0,0,0,0,0,0,0
44,0,1,2,0,0,0,0,1,0,0,35,9,4.036040925839781,1,-1,0,0,0,0,0,0,0,0,0
77,0,0,1,0,0,0,0,0,0,25,45,7,4.6615940555458435,0,-1,0,0,0,0,0,0,0,0,1
53,0,1,2,0,0,0,0,0,0,2,41,10,4.289451945930604,0,-1,0,0,0,0,0,0,0,0,0
51,0,1,2,0,0,0,0,0,0,0,42,9,4.115054323045603,1,-1,0,0,0,0,0,0,0,0,0
23,0,1,2,0,0,0,0,0,0,0,17,6,3.708132064658602,0,-1,1,5,50,1,44,1,0,1,0
92,0,1,3,0,0,0,0,0,0,4,74,14,4.925804146712547,1,-1,0,0,0,0,0,0,0,0,0
127,0,1,3,4,0,0,0,0,0,42,70,15,4.839362492610803,1,-1,0,0,0,0,0,0,0,0,1
208,0,1,6,2,0,0,0,0,0,85,98,25,4.857493222342761,1,-1,1,0,0,0,0,0,0,0,1
51,0,0,2,1,0,0,0,0,0,0,42,9,4.145984725658471,0,-1,0,0,0,0,0,0,0,0,1
77,0,1,4,1,0,0,0,0,0,1,63,13,4.227155698218787,0,-1,0,0,0,0,0,0,0,0,1
64,0,1,2,1,0,0,0,0,0,8,44,12,4.646418898701708,1,-1,0,0,0,0,0,0,0,0,1
181,0,0,3,1,1,0,0,1,0,23,137,21,4.950994740393933,0,-1,0,0,0,0,0,0,0,0,1
61,0,2,4,0,0,0,0,0,0,9,43,9,4.504610805436804,0,-1,0,0,0,0,0,0,0,0,1
53,0,2,3,0,0,0,0,0,0,0,46,7,4.178128652913809,0,-1,0,0,0,0,0,0,0,0,1
52,0,1,2,0,0,0,0,0,0,1,45,6,4.296714363147036,0,-1,0,0,0,0,0,0,0,0,1
89,0,1,3,1,0,0,0,0,0,1,74,14,4.416760825930196,0,-1,0,0,0,0,0,0,0,0,1
23,0,0,1,0,0,0,0,0,0,1,17,5,3.725104217943958,1,-1,1,4,2,1,10,0,0,0,0
26,0,1,2,0,0,0,0,0,0,0,20,6,3.921029621737614,1,-1,0,0,0,0,0,0,0,0,0
46,0,1,2,1,0,0,1,0,0,0,38,8,4.300417118959396,1,-1,0,0,0,0,0,0,0,0,0
52,0,1,2,1,0,0,0,0,0,10,33,9,4.426616045880948,0,-1,0,0,0,0,0,0,0,0,1
19,0,0,1,0,0,0,0,0,0,0,15,4,3.826874881864636,0,-1,0,0,0,0,0,0,0,0,0
31,0,1,2,0,0,0,0,0,0,0,25,6,4.082597923010943,1,-1,1,0,0,0,0,0,0,0,0
22,0,0,2,0,0,0,0,0,0,0,16,6,3.6069367321753205,0,-1,1,0,0,0,18,1,0,0,0
44,0,1,3,1,0,0,0,0,0,2,33,9,4.3736489479369025,0,-1,1,0,0,0,4,0,0,0,0
28,0,1,2,0,0,0,0,0,0,0,22,6,3.8423709931771084,0,-1,0,0,0,0,0,0,0,0,0
55,0,1,3,0,0,0,0,0,0,4,42,9,4.301649204701856,0,-1,0,0,0,0,0,0,0,0,1
73,0,0,1,1,0,0,0,0,0,25,40,8,4.773958169341782,0,-1,1,3,0,0,1,0,0,0,1
42,0,1,3,1,0,0,0,0,0,0,34,8,4.2072117677593,0,-1,0,0,0,0,0,0,0,0,0
132,0,1,3,0,0,0,0,0,0,4,118,10,5.370396226695163,1,-1,0,0,0,0,0,0,0,0,1
31,0,1,2,0,0,0,0,1,0,1,25,5,3.9101792788836396,0,-1,1,6,0,1,7,0,0,0,1
40,0,1,2,0,0,0,0,0,0,0,33,7,4.453055907333275,1,-1,0,0,0,0,0,0,0,0,0
52,0,1,3,0,0,0,0,0,0,0,42,10,4.105522468726717,1,-1,0,0,0,0,0,0,0,0,0
13,0,0,1,0,0,0,0,0,0,0,9,4,3.085055102756477,0,-1,0,0,0,0,0,0,0,0,0
89,0,1,2,1,0,0,0,0,0,0,74,15,4.3445350405417695,0,-1,1,0,0,0,0,0,0,0,1
128,0,3,4,1,0,0,0,0,0,24,85,19,4.836412919375524,1,-1,1,0,0,0,0,0,0,0,1
42,0,0,2,0,0,0,0,1,0,0,34,8,4.39293245965883,0,-1,0,0,0,0,0,0,0,0,1
43,0,1,2,1,0,0,0,0,0,0,34,9,4.027684161971456,1,-1,1,0,0,0,0,0,0,0,0
22,0,0,1,0,0,0,0,1,0,4,13,5,4.027169118440616,1,-1,1,3,0,0,0,0,0,0,1
49,0,1,3,0,0,0,0,0,0,4,38,7,4.030041670814299,0,-1,0,0,0,0,0,0,0,0,1
76,0,3,5,0,0,0,0,0,0,1,64,11,4.460236936299272,1,-1,0,0,0,0,0,0,0,0,1
27,0,1,2,0,0,0,0,0,0,0,21,6,3.810081020521731,0,-1,0,0,0,0,0,0,0,0,1
40,0,1,2,0,0,0,0,0,0,0,34,6,3.9464393446710146,0,-1,1,45,38,1,21,1,0,3,0
40,0,1,2,2,0,0,0,0,0,1,30,9,4.106198332810094,1,-1,0,0,0,0,0,0,0,0,1
162,0,1,4,7,1,0,0,0,0,62,79,21,4.934089917456201,0,-1,0,0,0,0,0,0,0,0,1
33,0,1,2,0,0,0,0,0,0,0,25,8,3.7983512260625827,0,-1,0,0,0,0,0,0,0,0,1
38,0,1,2,0,0,0,0,0,0,0,32,6,4.0407090139455,1,-1,1,15,108,1,27,1,0,2,0
97,0,1,2,5,0,0,0,0,0,0,84,13,4.060959378687693,1,-1,0,0,0,0,0,0,0,0,0
48,0,1,2,0,0,0,0,0,0,0,39,9,4.478308011580246,1,-1,1,0,0,0,0,0,0,0,0
35,0,1,2,0,0,0,0,0,0,0,29,6,4.050013373778755,0,-1,0,0,0,0,0,0,0,0,0
28,0,2,3,0,0,0,0,0,0,4,17,7,3.8423709931771093,0,-1,0,0,0,0,0,0,0,0,1
56,0,1,2,5,0,0,0,0,0,6,39,11,4.472907494321881,1,-1,0,0,0,0,0,0,0,0,0
44,0,1,2,0,0,0,0,0,0,0,38,6,4.13809149392326,0,-1,0,0,0,0,0,0,0,0,0
77,0,1,3,2,0,0,0,0,0,2,61,14,4.341398964220473,0,-1,0,0,0,0,0,0,0,0,1
128,0,1,5,1,1,0,0,0,0,0,109,19,4.537759425654687,0,-1,0,0,0,0,0,0,0,0,1
62,0,1,2,3,0,0,1,0,0,0,52,10,4.279220964710031,0,-1,0,0,0,0,0,0,0,0,1
97,0,1,5,0,1,0,0,0,0,0,81,16,4.4598097263261165,1,-1,1,0,0,0,0,0,0,0,1
51,0,1,3,0,0,0,0,0,0,3,41,7,4.431558429909844,1,-1,0,0,0,0,0,0,0,0,1
67,0,1,2,2,0,0,0,0,0,0,56,11,4.1631047742433305,1,-1,1,4,2,1,12,0,0,2,0
50,0,1,3,0,0,0,0,0,0,0,41,9,3.9897917016899704,1,-1,0,0,0,0,0,0,0,0,0
125,0,3,4,1,0,0,0,0,0,16,91,18,4.750665206763321,1,-1,0,0,0,0,0,0,0,0,1
87,0,0,1,8,0,0,0,0,0,5,68,14,4.341944503157114,1,-1,0,0,0,0,0,0,0,0,0
53,0,1,3,1,0,0,0,0,0,0,44,9,4.063036851590982,0,-1,1,171,0,0,20,1,0,0,0
49,0,1,4,0,0,0,0,0,0,1,38,10,4.132481466909276,0,-1,0,0,0,0,0,0,0,0,0
105,0,1,2,1,0,0,0,1,0,10,81,14,5.243183761429186,1,-1,1,0,0,1,34,0,0,0,1
49,0,0,1,0,0,0,0,0,0,0,44,5,3.7405813967317942,0,-1,1,0,0,0,0,0,0,0,1
57,0,1,2,3,0,0,0,0,0,0,47,10,4.376859865749109,0,-1,0,0,0,0,0,0,0,0,0
40,0,1,2,0,0,0,0,1,0,1,34,5,4.008694969562842,0,-1,1,6,0,1,7,0,0,0,1
44,0,1,3,0,0,0,0,0,0,0,37,7,4.265583322887732,1,-1,0,0,0,0,0,0,0,0,1
37,0,0,3,0,0,0,0,0,0,0,29,8,3.9288026092707296,0,-1,0,0,0,0,0,0,0,0,0
28,0,1,2,0,0,0,0,0,0,0,22,6,3.923251796980337,0,-1,0,0,0,0,0,0,0,0,0
78,0,0,2,1,0,0,0,0,0,0,68,10,4.1863922904918445,0,-1,0,0,0,0,0,0,0,0,1
70,0,1,2,1,0,0,0,0,0,5,54,11,4.985867302411999,1,-1,0,0,0,0,0,0,0,0,1
24,0,1,2,0,0,0,0,0,0,0,18,6,3.8239348962840563,1,-1,0,0,0,0,0,0,0,0,0
74,0,2,3,2,0,0,0,0,0,6,57,11,4.555699359616179,0,-1,0,0,0,0,0,0,0,0,1
73,0,1,2,4,0,0,0,0,0,8,50,15,4.559773621076031,1,-1,0,0,0,0,0,0,0,0,0
260,0,1,2,1,0,0,0,0,0,31,221,8,5.582472279263884,1,-1,0,0,0,0,0,0,0,0,1
75,0,2,3,2,0,0,0,0,0,6,57,12,4.575652864904122,0,-1,0,0,0,0,0,0,0,0,1
68,0,1,2,0,0,0,0,0,0,18,43,7,4.598369003512378,1,-1,0,0,0,0,0,0,0,0,1
34,0,1,2,0,0,0,0,1,0,0,28,6,3.9032080616476805,1,-1,0,0,0,0,0,0,0,0,1
28,0,1,2,0,0,0,0,0,0,0,22,6,3.91379956460568,1,-1,0,0,0,0,0,0,0,0,0
28,0,1,2,0,0,0,0,0,0,0,22,6,3.842370993177109,1,-1,0,0,0,0,0,0,0,0,0
55,0,1,2,2,0,0,0,0,0,0,45,10,4.235258578258161,0,-1,0,0,0,0,0,0,0,0,0
74,0,0,2,5,0,0,1,0,0,0,62,12,4.239312150198939,0,-1,1,0,0,0,0,0,0,0,0
43,0,1,2,2,0,0,0,1,0,2,33,8,4.280120277605719,1,-1,0,0,0,0,0,0,0,0,0
63,0,0,2,0,0,0,0,0,0,4,50,9,4.721826210328475,0,-1,1,0,0,0,0,0,0,0,1
50,0,1,2,3,0,0,0,0,0,0,40,10,4.288367439558378,1,-1,0,0,0,0,0,0,0,0,0
89,0,1,3,2,0,0,0,0,0,0,74,15,4.231659168789791,0,-1,0,0,0,0,0,0,0,0,0
104,0,0,3,1,1,0,0,0,0,0,86,18,4.4724305326129,0,-1,0,0,0,0,0,0,0,0,1
81,0,1,4,0,0,0,0,0,0,7,59,15,4.469514053209206,0,-1,0,0,0,0,0,0,0,0,0
78,0,1,3,0,0,0,0,0,0,3,62,13,4.804633553652409,0,-1,1,1,0,0,1,1,0,0,1
81,0,1,2,0,0,0,0,0,0,17,56,8,4.787200393096254,0,-1,0,0,0,0,0,0,0,0,1
81,0,1,4,0,1,0,0,0,0,4,64,13,4.556891479120283,1,-1,0,0,0,0,0,0,0,0,1
55,0,1,3,1,0,0,0,1,0,0,45,10,4.236019377893914,1,-1,0,0,0,0,0,0,0,0,1
23,0,1,2,1,0,0,0,0,0,0,17,6,3.9690016298759936,0,-1,1,4,0,0,8,0,0,0,0
46,0,1,3,0,0,0,0,0,0,0,38,8,4.033794020992214,0,-1,0,0,0,0,0,0,0,0,1
24,0,1,2,0,0,0,0,0,0,0,18,6,3.7201755214643453,1,-1,1,11,83,1,78,1,0,1,0
128,0,9,10,0,0,0,0,0,0,7,107,14,4.568664968892781,0,-1,1,0,0,0,0,0,0,0,1
60,0,1,2,6,0,0,0,0,0,0,48,12,4.317155962520949,1,-1,0,0,0,0,0,0,0,0,0
98,0,1,4,1,0,0,0,0,0,3,82,13,4.940941671672881,1,-1,1,0,0,0,0,0,0,0,1
149,0,1,2,4,0,0,0,0,0,39,61,49,3.849194506334443,0,-1,0,0,0,0,0,0,0,0,0
68,0,3,4,0,0,0,0,0,0,11,48,9,4.552115370751692,0,-1,1,0,0,0,0,0,0,0,1
35,0,1,2,0,0,0,0,0,0,0,29,6,4.028445159431229,0,-1,0,0,0,0,0,0,0,0,1
66,0,1,3,1,0,0,0,0,0,2,53,11,4.354651036439185,0,-1,1,0,0,0,0,0,0,0,0
25,0,1,2,0,0,0,0,0,0,0,19,6,3.7532696895151076,0,-1,0,0,0,0,0,0,0,0,0
58,0,1,2,4,0,0,0,0,0,7,41,10,4.385841719519742,1,-1,1,0,0,0,0,0,0,0,0
77,0,0,2,2,0,0,0,0,0,3,60,14,4.262633619203972,0,-1,0,0,0,0,0,0,0,0,1
46,0,1,2,0,0,0,0,0,0,0,38,8,3.7871640651672913,0,-1,0,0,0,0,0,0,0,0,1
59,0,1,3,0,0,0,0,0,0,0,48,11,4.4098658800469055,1,-1,0,0,0,0,0,0,0,0,0
54,0,0,2,2,0,0,0,0,0,0,46,8,4.233795548692774,0,-1,1,36,22,1,3,2,0,98,0
49,0,1,3,0,0,0,0,0,0,2,38,9,4.117075599518184,0,-1,0,0,0,0,0,0,0,0,0
17,0,0,1,0,0,0,0,0,0,0,12,5,3.572469458770136,0,-1,0,0,0,0,0,0,0,0,0
61,0,3,4,3,0,0,0,1,0,0,50,11,4.189117157931288,0,-1,0,0,0,0,0,0,0,0,1
40,0,1,3,0,0,0,0,1,0,0,33,7,3.9495817701478346,0,-1,1,11,1111,1,58,1,0,2,0
39,0,1,2,1,0,0,0,0,0,0,32,7,4.1949067057088945,1,-1,0,0,0,0,0,0,0,0,1
31,0,1,2,0,0,0,0,0,0,0,25,6,4.0667842134731025,1,-1,0,0,0,0,0,0,0,0,0
48,0,1,2,0,0,0,0,0,0,0,39,9,4.097794209361695,1,-1,0,0,0,0,0,0,0,0,1
47,0,1,3,0,0,0,0,0,0,3,37,7,4.184298894360445,0,-1,0,0,0,0,0,0,0,0,1
115,0,1,2,2,0,0,0,0,0,11,88,16,4.5843477413232225,0,-1,0,0,0,0,0,0,0,0,1
21,0,1,2,0,0,0,0,0,0,0,15,6,3.4273334938982645,1,-1,0,0,0,0,0,0,0,0,0
73,0,0,1,1,0,0,1,0,0,0,60,13,3.963013034646754,0,-1,0,0,0,0,0,0,0,0,1
25,0,1,2,1,0,0,1,0,0,0,18,7,4.023465189601646,1,-1,0,0,0,0,0,0,0,0,0
36,0,1,2,0,0,0,0,0,0,0,29,7,3.926733681937771,1,-1,0,0,0,0,0,0,0,0,0
45,0,0,1,0,0,1,0,0,0,6,29,10,4.400310530134925,0,-1,1,0,0,0,0,0,0,0,1
28,0,1,2,0,0,0,0,0,0,0,22,6,3.91379956460568,1,-1,1,2,0,1,2,0,0,3,0
127,0,3,4,1,0,0,0,0,0,23,86,18,4.81530309794233,1,-1,0,0,0,0,0,0,0,0,1
26,0,1,2,0,0,0,0,0,0,0,20,6,3.8441065448145375,1,-1,0,0,0,0,0,0,0,0,0
38,0,1,2,0,0,0,0,0,0,8,24,6,4.398857447483311,0,-1,0,0,0,0,0,0,0,0,1
68,0,3,4,0,0,0,0,0,0,9,50,9,4.5269755774495355,0,-1,1,0,0,0,0,0,0,0,1
63,0,0,1,1,0,0,0,0,0,0,55,8,3.848800360553582,1,-1,0,0,0,0,0,0,0,0,1
24,0,1,2,0,0,0,0,0,0,0,18,6,3.8553885422075345,1,-1,0,0,0,0,0,0,0,0,0
36,0,0,1,0,0,0,0,0,0,0,28,8,3.800919098243859,0,-1,1,0,0,0,0,0,0,0,1
30,0,1,2,0,0,0,0,0,0,0,24,6,4.031401845392171,0,-1,0,0,0,0,0,0,0,0,0
47,0,1,3,5,0,0,0,0,0,1,34,12,4.0727007561086035,1,-1,1,25,0,1,12,0,0,18,1
15,0,0,1,0,0,0,0,0,0,0,11,4,3.4565647621309536,0,-1,1,157,0,1,70,1,0,0,0
58,0,1,2,1,0,0,0,1,0,0,50,8,4.109258202623769,0,-1,1,148,0,1,26,3,0,6,0
38,0,3,4,1,0,0,1,0,0,0,29,9,3.8328107368431286,0,-1,0,0,0,0,0,0,0,0,1
43,0,1,3,0,0,0,0,0,0,6,28,9,4.34186497602557,0,-1,1,17,0,1,9,0,0,3,0
44,0,0,1,1,0,0,1,0,0,0,36,8,4.2290005848323515,0,-1,0,0,0,0,0,0,0,0,1
57,0,1,2,0,0,0,0,0,0,0,46,11,4.313079654812272,1,-1,1,0,0,0,0,0,0,0,0
84,0,7,8,1,0,0,0,0,0,4,66,14,4.388834342272358,0,-1,1,0,0,0,0,0,0,0,1
171,0,0,2,1,0,0,0,0,0,52,102,17,4.967635066856988,0,-1,1,0,0,0,0,0,0,0,1
77,0,0,1,0,0,0,0,0,0,23,47,7,4.672394904714273,0,-1,1,0,0,0,0,0,0,0,1
87,0,1,2,4,0,0,0,0,0,2,74,11,4.190615874980422,1,-1,1,0,0,0,1,0,0,0,0
31,0,1,2,0,0,0,0,1,0,0,25,6,4.17146526179041,0,-1,0,0,0,0,0,0,0,0,0
66,0,1,3,2,0,0,0,0,0,0,53,13,4.507637725946022,0,-1,0,0,0,0,0,0,0,0,1
70,0,1,2,5,0,0,0,0,0,1,56,13,4.359460567669649,0,-1,1,25,15,1,49,0,0,1,0
33,0,0,1,0,0,0,0,0,0,0,28,5,3.717896012970049,1,-1,0,0,0,0,0,0,0,0,0
62,0,3,4,0,0,0,0,1,0,10,40,12,4.308404374623846,0,-1,0,0,0,0,0,0,0,0,1
51,0,1,2,0,0,0,0,0,0,0,43,8,3.949399793325864,0,-1,0,0,0,0,0,0,0,0,1
26,0,1,2,0,0,0,0,0,0,0,20,6,3.430457025500558,1,-1,0,0,0,0,0,0,0,0,0
29,0,1,2,0,0,0,0,0,0,0,23,6,3.926272374139508,0,-1,1,0,0,0,0,0,0,0,0
17,0,0,1,0,0,0,0,0,0,0,12,5,3.337175341123077,1,-1,1,2,2,0,6,0,0,2,1
37,0,1,2,0,0,0,0,0,0,0,29,8,3.935955649986687,0,-1,0,0,0,0,0,0,0,0,0
409,0,2,3,17,0,0,0,0,0,83,298,28,5.844060674593076,0,-1,1,0,0,0,0,0,0,0,1
61,0,1,3,2,0,0,0,0,0,7,43,11,4.60460860002877,0,-1,0,0,0,0,0,0,0,0,0
71,0,1,2,2,0,0,0,0,0,15,46,10,4.538792239998412,1,-1,1,0,0,0,3,0,0,0,0
55,0,1,4,0,0,0,0,0,0,1,43,11,4.162531305530888,0,-1,0,0,0,0,0,0,0,0,0
36,0,0,1,0,0,0,0,1,0,0,30,6,3.7845276964165557,0,-1,0,0,0,0,0,0,0,0,1
77,0,1,2,0,0,0,0,0,0,0,65,12,4.439925625105311,1,-1,1,0,0,0,0,0,0,0,0
46,0,0,1,1,0,0,0,0,0,0,39,7,4.081416381543157,0,-1,1,2,1,0,4,0,0,6,0
50,0,1,3,0,0,0,0,0,0,1,39,10,4.281076880026371,0,-1,0,0,0,0,0,0,0,0,1
42,0,1,2,0,0,0,0,0,0,1,33,8,4.118890197651045,1,-1,0,0,0,0,0,0,0,0,1
73,0,1,3,4,0,0,0,0,0,6,54,13,4.4057309841193675,0,-1,1,157,107,1,35,2,0,0,0
41,0,1,2,1,0,0,0,0,0,0,34,7,4.161953223919209,1,-1,0,0,0,0,0,0,0,0,1
33,0,1,2,0,0,0,0,1,0,8,19,6,3.861983513035609,1,-1,1,0,0,0,0,0,0,0,1
28,0,1,2,0,0,0,0,0,0,0,22,6,3.797902689682947,1,-1,1,12,34,1,14,0,0,1,0
25,0,0,1,0,0,0,0,0,0,1,19,5,3.913269689515107,1,-1,0,0,0,0,0,0,0,0,1
53,0,1,2,4,0,0,0,0,0,0,43,10,4.072286379811228,0,-1,1,34,9,1,117,2,0,25,0
57,0,4,5,2,0,0,0,1,0,0,46,11,4.207130531701609,0,-1,0,0,0,0,0,0,0,0,1
67,0,1,3,0,0,0,0,1,0,0,57,10,4.23767884024855,0,-1,0,0,0,0,0,0,0,0,0
122,0,1,2,0,0,0,0,0,0,6,95,21,4.121200690389197,1,-1,1,0,0,0,2,2,0,0,0
84,0,1,2,4,0,0,0,0,0,8,63,13,4.681715226686963,0,-1,0,0,0,0,0,0,0,0,0
31,0,0,2,0,0,0,0,0,0,0,24,7,3.8330709070912787,0,-1,0,0,0,0,0,0,0,0,1
21,0,0,1,0,0,0,0,0,0,0,16,5,3.7849418274376423,0,-1,1,7,0,0,4,1,0,0,1
17,0,0,1,0,0,0,0,0,0,1,12,4,3.454822399946607,0,-1,0,0,0,0,0,0,0,0,0
92,0,1,3,0,0,0,0,0,0,17,62,13,4.514613386287236,0,-1,0,0,0,0,0,0,0,0,1
25,0,0,1,0,0,0,0,0,0,4,15,6,3.943465189601646,1,-1,0,0,0,0,0,0,0,0,0
56,0,1,3,1,0,0,0,0,0,6,40,10,4.405506824485857,0,-1,0,0,0,0,0,0,0,0,0
43,0,0,2,1,0,0,0,0,0,0,35,8,3.9987280573706054,0,-1,1,0,0,0,0,0,0,0,1
24,0,1,2,0,0,0,0,0,0,0,19,5,3.7201755214643453,0,-1,1,2,1,0,2,0,0,0,0
32,0,0,1,0,0,0,0,0,0,0,26,6,4.226409765557392,1,-1,1,18,74,1,45,0,0,2,1
77,0,0,1,0,0,0,0,0,0,14,56,7,4.537247216966655,0,-1,1,0,0,0,0,0,0,0,1
110,0,1,5,1,0,0,0,0,0,14,78,18,5.179950823357196,0,-1,1,0,0,0,83,0,0,0,1
34,0,1,2,1,0,0,0,0,0,0,26,8,3.9620315910594455,1,-1,0,0,0,0,0,0,0,0,0
46,0,1,2,1,0,0,0,0,0,0,37,9,4.075101293381129,0,-1,0,0,0,0,0,0,0,0,0
114,0,1,4,1,0,1,0,0,0,6,91,17,4.845000791663592,0,-1,1,56,0,1,17,1,0,14,1
129,0,4,5,1,0,0,0,0,0,12,97,20,4.620237328690092,0,-1,0,0,0,0,0,0,0,0,1
63,0,1,2,2,0,0,0,0,0,0,54,9,4.1331400906842966,1,-1,1,26,47,1,26,2,0,6,0
25,0,1,2,0,0,0,0,0,0,0,20,5,3.9434651896016466,0,-1,1,22,16,1,12,4,0,0,0
51,0,1,4,0,0,0,0,0,0,6,34,11,4.257115352414947,0,-1,0,0,0,0,0,0,0,0,0
67,0,1,3,0,0,0,0,0,0,3,55,9,4.3272310790545205,1,-1,0,0,0,0,0,0,0,0,1
28,0,1,2,0,0,0,0,0,0,0,22,6,3.7979026896829473,0,-1,0,0,0,0,0,0,0,0,0
43,0,1,2,3,0,0,0,0,0,8,26,9,4.286275219617123,1,-1,1,0,0,0,0,0,0,0,0
130,0,1,2,1,0,0,0,1,0,3,109,18,5.129711710487287,1,-1,0,0,0,0,0,0,0,0,1
68,0,1,3,0,0,0,0,0,0,0,57,11,4.353546255324836,0,-1,0,0,0,0,0,0,0,0,0
186,0,1,5,0,0,1,0,0,0,20,135,31,5.363426431756892,1,-1,0,0,0,0,0,0,0,0,1
53,0,1,2,3,0,0,0,1,0,0,43,10,4.521955417565205,0,-1,1,0,0,0,0,0,0,0,1
50,0,1,2,2,0,0,0,1,0,6,34,10,4.319079570624173,1,-1,1,2,0,0,8,0,0,1,0
135,0,1,2,11,0,0,0,0,0,2,108,25,4.175310533087206,0,-1,0,0,0,0,0,0,0,0,0
56,0,0,1,0,0,0,0,0,0,3,42,11,4.3183535294637805,0,-1,0,0,0,0,0,0,0,0,0
113,0,1,2,0,0,0,0,0,0,11,88,14,5.428883635804206,1,-1,0,0,0,0,0,0,0,0,1
42,0,1,2,0,0,0,0,1,0,0,36,6,4.195539744052798,0,-1,1,73,39,0,10,0,0,0,0
40,0,1,2,1,0,0,0,0,0,1,31,8,4.184183719779188,0,-1,0,0,0,0,0,0,0,0,0
38,0,1,2,1,0,0,1,0,0,0,32,6,4.185703093006736,0,-1,0,0,0,0,0,0,0,0,1
51,0,1,2,0,0,0,0,0,0,3,39,9,4.155090479515533,0,-1,0,0,0,0,0,0,0,0,1
34,0,1,2,1,0,0,0,1,0,0,27,7,4.116299605701696,0,-1,0,0,0,0,0,0,0,0,0
53,0,1,2,0,0,0,0,0,0,0,45,8,4.274419276456456,0,-1,0,0,0,0,0,0,0,0,0
57,0,1,2,0,0,0,0,0,0,1,50,6,4.2365089885561265,0,-1,0,0,0,0,0,0,0,0,0
121,0,4,5,0,0,0,0,0,0,27,76,18,4.811714659845705,1,-1,0,0,0,0,0,0,0,0,1
66,0,1,2,0,0,0,0,0,0,0,57,9,4.153967513744692,1,-1,0,0,0,0,0,0,0,0,0
27,0,1,2,0,0,0,0,1,0,0,21,6,3.8282375018429553,0,-1,1,6,0,1,8,0,0,0,0
141,0,1,2,0,0,0,0,0,0,41,91,9,5.214059842598247,1,-1,1,0,0,0,0,0,0,0,1
36,0,1,2,0,0,0,0,0,0,0,30,6,4.030493056757482,1,-1,1,0,0,0,0,0,0,0,0
64,0,0,2,1,0,0,0,0,0,0,54,10,4.353123587245975,0,-1,0,0,0,0,0,0,0,0,1
77,0,0,1,0,0,0,0,0,0,17,53,7,4.419864470453802,0,-1,1,0,0,0,0,0,0,0,1
50,0,0,1,0,0,0,0,0,0,0,41,9,4.013340441068115,0,-1,1,0,0,0,0,0,0,0,1
31,0,1,2,1,0,0,1,0,0,0,24,7,3.8403471164197516,1,-1,1,17,100,1,4,0,1,2,0
68,0,3,4,0,0,0,0,0,0,9,50,9,4.454627275412123,0,-1,0,0,0,0,0,0,0,0,1
30,0,0,2,0,0,0,0,0,0,0,24,6,3.831401845392172,0,-1,0,0,0,0,0,0,0,0,1
132,0,1,3,11,0,0,0,0,0,6,106,20,4.301622105551857,0,-1,0,0,0,0,0,0,0,0,0
76,0,3,4,1,0,0,0,0,0,6,60,10,4.527597666283007,0,-1,0,0,0,0,0,0,0,0,1
29,1,0,3,0,0,0,0,0,0,13,9,7,3.9523029776623857,0,-1,0,0,0,0,0,0,0,0,1
51,0,1,3,0,0,0,0,0,0,0,43,8,4.110685332329446,1,-1,1,0,0,0,0,0,0,0,0
126,0,1,3,4,0,0,0,0,0,47,64,15,4.8755641039481805,0,-1,0,0,0,0,0,0,0,0,1
29,0,1,2,0,0,0,0,1,0,3,21,5,3.9783335811852645,0,-1,0,0,0,0,0,0,0,0,1
36,0,1,2,0,0,0,0,0,0,0,29,7,3.995906598484245,0,-1,0,0,0,0,0,0,0,0,1
47,0,1,2,0,0,0,0,0,0,2,36,9,4.197685925915566,0,-1,1,0,0,0,0,0,0,0,1
32,0,1,2,0,0,0,0,0,0,0,26,6,3.952819531114783,1,-1,1,2,0,1,35,3,0,0,0
36,0,1,2,0,0,0,0,0,0,0,30,6,4.0860486123130375,1,-1,0,0,0,0,0,0,0,0,0
126,0,1,3,1,0,0,0,0,0,6,99,21,4.685717808842492,0,-1,0,0,0,0,0,0,0,0,1
29,0,0,1,0,0,0,0,0,0,0,23,6,3.7024715122197467,0,-1,0,0,0,0,0,0,0,0,1
45,0,1,2,0,0,0,0,0,0,2,36,7,4.635645873818992,1,-1,0,0,0,0,0,0,0,0,1
29,0,1,2,0,0,0,0,0,0,0,23,6,3.8573068568981284,1,-1,0,0,0,0,0,0,0,0,0
71,0,1,3,2,0,0,0,0,0,7,52,12,4.279547564553813,0,-1,1,28,69,0,46,0,0,0,0
183,0,1,4,1,0,1,0,0,0,15,132,36,4.992810762182618,0,-1,0,0,0,0,0,0,0,0,1
69,0,3,4,0,0,0,0,0,0,5,56,8,4.498472515766562,0,-1,0,0,0,0,0,0,0,0,1
58,0,1,2,2,0,0,0,0,0,0,49,9,4.366096081110661,1,-1,1,26,45,0,23,0,0,9,0
23,0,1,2,0,0,0,0,0,0,0,17,6,3.6753108689123644,1,-1,0,0,0,0,0,0,0,0,0
77,0,0,1,1,0,0,0,0,0,0,64,13,4.529583704424018,0,-1,0,0,0,0,0,0,0,0,1
58,0,1,3,0,0,0,0,0,0,1,45,12,4.2348953832755445,0,-1,1,0,3,1,4,0,0,1,0
58,0,1,2,2,0,0,1,0,0,0,48,10,4.079385900367718,0,-1,0,0,0,0,0,0,0,0,0
54,0,1,2,0,0,0,0,0,0,0,45,9,4.039532122846975,1,-1,1,0,0,0,0,0,0,0,0
116,0,1,3,0,0,0,0,1,0,8,95,13,5.217876689732115,1,-1,1,0,0,1,34,0,0,0,1
92,0,0,2,1,0,0,0,0,0,18,62,12,4.696245282812941,0,-1,0,0,0,0,0,0,0,0,1
56,0,3,5,2,0,0,0,1,0,6,39,11,4.581833663430985,0,-1,1,0,0,0,0,0,0,0,1
27,0,1,3,0,0,0,0,0,0,0,20,7,3.708048150071232,1,-1,1,18,0,0,12,1,0,0,0
26,0,1,2,0,0,0,0,0,0,0,20,6,3.748328660365574,0,-1,0,0,0,0,0,0,0,0,1
53,0,0,2,1,0,0,0,0,0,1,43,9,4.366807898196829,0,-1,0,0,0,0,0,0,0,0,1
53,0,1,2,0,0,0,0,0,0,0,44,9,4.335949935491173,0,-1,1,1,3,1,4,1,0,0,0
91,0,0,1,5,0,0,0,0,0,7,72,12,4.542673625017617,0,-1,0,0,0,0,0,0,0,0,0
39,0,1,2,0,0,0,0,0,0,0,32,7,4.0478467699778795,0,-1,0,0,0,0,0,0,0,0,0
45,0,2,3,1,0,0,1,0,0,9,28,8,4.466542752164838,0,-1,0,0,0,0,0,0,0,0,1
61,0,1,4,1,0,0,0,0,0,4,44,13,4.501864231682063,0,-1,0,0,0,0,0,0,0,0,1
31,0,1,2,0,0,0,0,0,0,0,24,7,3.5750063909622467,0,-1,1,0,0,0,0,0,0,0,1
39,0,1,2,0,0,0,0,0,0,5,27,7,4.291687154704211,0,-1,1,0,0,0,0,0,0,0,0
54,0,1,2,3,0,0,0,1,0,0,44,10,4.520238715810561,1,-1,1,0,0,0,0,0,0,0,1
118,0,3,4,0,0,0,0,0,0,20,80,18,4.7297400886186765,1,-1,1,0,0,0,0,0,0,0,1
24,0,1,2,0,0,0,0,0,0,0,18,6,3.6572682296173893,1,-1,1,7,0,0,21,0,0,0,0
28,0,1,3,0,0,0,0,0,0,0,21,7,3.94075983254009,1,-1,0,0,0,0,0,0,0,0,0
44,0,1,2,0,0,0,0,1,0,0,38,6,4.25217217593812,1,-1,1,0,0,0,7,0,0,0,1
41,0,0,3,0,0,0,0,0,0,0,33,8,4.122693700152458,0,-1,0,0,0,0,0,0,0,0,1
21,0,1,2,0,0,0,0,0,0,3,12,6,3.6537567082870006,0,-1,0,0,0,0,0,0,0,0,0
36,0,0,1,0,0,0,0,0,0,0,31,5,4.117861029749888,0,-1,0,0,0,0,0,0,0,0,1
71,0,1,2,4,0,0,0,0,0,0,59,12,4.325804078851617,1,-1,1,24,293,1,76,1,0,1,0
73,0,0,1,4,0,0,0,0,0,7,55,11,4.509753286084207,0,-1,0,0,0,0,0,0,0,0,0
29,0,1,2,0,0,0,0,0,0,0,23,6,3.978333581185264,1,-1,0,0,0,0,0,0,0,0,0
67,0,0,1,7,0,0,0,0,0,2,51,14,4.1807194150129705,0,-1,1,0,0,0,0,0,0,0,0
66,0,1,2,2,0,0,0,0,0,0,56,10,4.101772916198385,1,-1,1,37,0,1,102,0,0,3,0
44,0,1,2,0,0,0,0,0,0,0,37,7,3.868158608841763,1,-1,1,38,6,1,11,0,0,3,0
43,0,1,3,0,0,0,0,0,0,2,32,9,4.135940488298282,0,-1,0,0,0,0,0,0,0,0,0
52,0,0,1,1,0,0,0,0,0,4,40,8,4.443053603040049,0,-1,0,0,0,0,0,0,0,0,1
100,0,1,2,7,0,0,0,0,0,0,86,14,4.216622160287628,0,-1,0,0,0,0,0,0,0,0,1
25,0,1,2,0,0,0,0,0,0,0,19,6,3.7532696895151076,1,-1,1,0,0,0,0,0,0,0,0
32,0,1,2,0,0,0,0,0,0,2,24,6,3.941428031846024,0,-1,0,0,0,0,0,0,0,0,1
37,0,1,2,1,0,0,0,0,0,0,29,8,3.95905708166975,0,-1,1,37,0,0,25,0,0,0,0
48,0,1,2,2,0,0,0,0,0,0,37,11,4.147593366144262,1,-1,1,7,0,1,15,0,0,0,0
28,0,0,1,0,0,0,0,0,0,0,22,6,4.137537511266052,0,-1,0,0,0,0,0,0,0,0,0
34,0,1,2,0,0,0,0,0,0,0,28,6,4.160704752887783,1,-1,1,10,18,0,45,1,0,1,0
54,0,1,2,0,0,0,0,0,0,1,46,7,4.438339651611602,0,-1,0,0,0,0,0,0,0,0,0
23,0,1,2,0,0,0,0,0,0,0,17,6,3.501397825434103,0,-1,0,0,0,0,0,0,0,0,0
129,0,4,5,1,0,0,0,0,0,22,87,20,4.756566909106456,0,-1,0,0,0,0,0,0,0,0,1
46,0,1,3,1,0,0,1,0,0,0,35,11,3.86836705415663,0,-1,0,0,0,0,0,0,0,0,1
49,0,0,1,2,0,0,0,0,0,2,37,10,4.0345889876821355,1,-1,0,0,0,0,0,0,0,0,0
33,0,0,2,0,0,0,0,0,0,0,27,6,4.1272831343132905,0,-1,0,0,0,0,0,0,0,0,1
76,0,1,2,0,0,0,0,0,0,20,46,10,4.990705473685236,0,-1,1,0,0,0,1,0,0,0,1
27,0,1,2,0,0,0,0,0,0,0,21,6,3.6023165585055525,0,-1,0,0,0,0,0,0,0,0,0
46,0,1,2,1,0,0,0,1,0,0,37,9,4.186954489636055,0,-1,0,0,0,0,0,0,0,0,0
28,0,1,2,0,0,0,0,1,0,3,20,5,3.8518232255517666,1,-1,1,0,0,0,0,0,0,0,1
39,0,1,2,0,0,0,0,1,0,0,33,6,4.038499898783,1,-1,0,0,0,0,0,0,0,0,0
93,0,1,3,7,0,0,1,0,0,0,79,14,4.401522458070232,0,-1,0,0,0,0,0,0,0,0,0
57,0,3,4,3,0,0,0,1,0,6,40,11,4.400455970449923,1,-1,0,0,0,0,0,0,0,0,1
73,0,1,3,3,0,0,1,0,0,0,62,11,4.176843726077395,0,-1,0,0,0,0,0,0,0,0,0
68,0,1,3,5,0,0,1,0,0,0,56,12,4.300359260769873,0,-1,0,0,0,0,0,0,0,0,0
105,0,1,2,3,0,0,0,1,0,4,83,18,5.354302779385439,1,-1,0,0,0,0,0,0,0,0,1
52,0,1,2,1,0,0,0,0,0,0,43,9,4.300999334810958,1,-1,0,0,0,0,0,0,0,0,0
49,0,1,2,0,0,0,0,0,0,0,42,7,4.14163209988288,0,-1,0,0,0,0,0,0,0,0,0
44,0,3,4,0,0,0,0,0,0,0,35,9,4.226143834398879,0,-1,1,1,0,1,3,0,0,0,0
47,0,1,2,0,0,0,0,0,0,6,34,7,4.644910394184799,0,-1,0,0,0,0,0,0,0,0,1
130,0,0,1,10,0,0,0,0,0,0,112,18,4.268026177148293,1,-1,0,0,0,0,0,0,0,0,0
30,0,1,2,0,0,0,0,0,0,0,24,6,3.7232314287976203,1,-1,0,0,0,0,0,0,0,0,0
25,0,1,3,0,0,0,0,0,0,5,13,7,3.9132696895151073,1,-1,0,0,0,0,0,0,0,0,0
31,0,1,2,0,0,0,0,1,0,0,25,6,3.9779168746936358,0,-1,1,206,152,1,19,3,0,0,0
28,0,1,2,0,0,0,0,0,0,0,22,6,3.8423709931771084,1,-1,0,0,0,0,0,0,0,0,0
51,0,1,3,0,0,0,0,0,0,0,44,7,4.217899666140437,0,-1,0,0,0,0,0,0,0,0,0
121,0,0,1,5,0,0,0,0,0,0,103,18,4.250227431655776,0,-1,0,0,0,0,0,0,0,0,1
40,0,1,2,0,0,0,0,0,0,0,35,5,4.165311532225102,0,-1,0,0,0,0,0,0,0,0,0
33,0,1,2,2,0,0,1,0,0,0,25,8,3.8966879684212654,1,-1,0,0,0,0,0,0,0,0,0
38,0,0,1,3,0,0,0,0,0,0,30,8,4.11583409216322,1,-1,1,6,96,1,24,0,0,3,0
27,0,1,2,0,0,0,0,0,0,0,20,7,3.9121138909722304,1,-1,0,0,0,0,0,0,0,0,0
39,0,1,3,0,0,0,0,0,0,1,31,7,4.175550615909831,0,-1,0,0,0,0,0,0,0,0,1
32,0,0,1,1,0,0,0,0,0,0,25,7,3.9764097655573916,0,-1,1,2,84,1,17,0,0,10,0
22,0,1,2,0,0,0,0,0,0,1,15,6,3.6635327548042533,1,-1,1,0,0,0,0,0,0,0,1
93,0,1,5,1,1,0,1,0,0,2,74,17,4.58473005379406,0,-1,1,0,0,0,0,0,0,0,1
105,0,1,2,1,0,0,0,0,0,4,87,14,5.272339894654141,1,-1,0,0,0,0,0,0,0,0,1
36,0,1,4,0,0,0,0,0,0,0,26,10,3.9721634603655405,0,-1,0,0,0,0,0,0,0,0,0
26,0,1,2,0,0,0,0,0,0,0,20,6,3.796217602590056,1,-1,0,0,0,0,0,0,0,0,0
50,0,1,3,0,0,0,0,0,0,0,42,8,4.2410768800263705,0,-1,1,0,28,1,4,0,0,0,0
55,0,3,5,2,0,0,0,1,0,0,44,11,4.0078724432276776,0,-1,0,0,0,0,0,0,0,0,1
31,0,1,2,0,0,0,0,0,0,0,25,6,3.873235826376328,1,-1,0,0,0,0,0,0,0,0,0
53,0,0,2,1,0,0,0,0,0,1,43,9,4.289451945930605,0,-1,0,0,0,0,0,0,0,0,1
36,0,1,2,0,0,0,0,0,0,0,29,7,3.9959065984842446,0,-1,0,0,0,0,0,0,0,0,0
49,0,0,2,0,0,0,0,0,0,0,40,9,4.107598182238386,0,-1,0,0,0,0,0,0,0,0,1
35,0,0,1,3,0,0,1,0,0,1,26,8,3.9217212310452396,1,-1,0,0,0,0,0,0,0,0,1
54,0,1,2,0,0,0,0,1,0,12,36,6,4.632124715439568,1,-1,0,0,0,0,0,0,0,0,1
127,0,3,4,1,0,0,0,0,0,21,87,19,4.784614983239721,0,-1,0,0,0,0,0,0,0,0,1
32,0,3,4,0,0,0,0,0,0,0,24,8,4.015319531114783,0,-1,0,0,0,0,0,0,0,0,1
29,0,1,2,0,0,0,0,0,0,0,23,6,3.9262723741395082,1,-1,0,0,0,0,0,0,0,0,1
77,0,2,4,0,0,0,0,0,0,0,68,9,4.138132932345107,1,-1,1,53,0,1,19,1,0,13,1
68,0,3,4,0,0,0,0,0,0,13,46,9,4.574697820064778,0,-1,1,0,0,0,0,0,0,0,1
46,0,2,4,0,0,0,0,0,0,0,36,10,4.013041446157795,0,-1,1,0,0,0,0,0,0,0,1
86,0,1,3,1,0,0,0,0,0,2,70,14,4.448911632775905,0,-1,0,0,0,0,0,0,0,0,1
42,0,1,2,0,0,0,0,0,0,8,27,7,4.45160849410431,0,-1,0,0,0,0,0,0,0,0,1
27,0,1,2,0,0,0,0,0,0,0,21,6,3.8100810205217313,0,-1,0,0,0,0,0,0,0,0,0
127,0,3,4,1,0,0,0,0,0,24,85,18,4.901378144053189,1,-1,1,0,0,0,0,0,0,0,1
79,0,0,4,0,0,0,0,0,0,6,57,16,4.605819159728778,0,-1,1,0,0,0,0,0,0,0,1
56,0,1,2,2,0,0,0,0,0,0,48,8,4.289609949563124,1,-1,0,0,0,0,0,0,0,0,0
79,0,3,5,2,0,0,0,0,0,10,57,12,4.527668534522996,0,-1,1,0,0,0,0,0,0,0,1
52,0,1,2,2,0,0,0,0,0,0,43,9,4.226801439620117,1,-1,1,4,0,1,6,0,1,3,1
61,0,1,2,3,0,0,0,0,0,0,51,10,4.283139084054396,1,-1,0,0,0,0,0,0,0,0,0
52,0,0,3,0,0,0,0,0,0,0,42,10,4.120844227998446,1,-1,0,0,0,0,0,0,0,0,1
64,0,1,3,0,0,0,0,0,0,2,51,11,4.452569336880353,1,-1,1,0,0,0,0,0,0,0,1
18,0,0,1,0,0,0,0,0,0,0,14,4,3.6143694458867563,0,-1,0,0,0,0,0,0,0,0,1
57,0,1,3,1,0,0,0,0,0,0,48,9,4.277257830602334,0,-1,0,0,0,0,0,0,0,0,0
34,0,1,2,0,0,0,0,0,0,0,28,6,3.939829017466402,0,-1,1,0,0,0,0,0,0,0,1
62,0,1,3,1,0,0,0,0,0,6,44,12,4.505963246809119,0,-1,0,0,0,0,0,0,0,0,1
49,0,0,1,3,0,0,0,0,0,0,41,8,4.400751814413901,0,-1,1,0,0,0,0,0,0,0,0
28,0,0,1,0,0,0,0,0,0,1,20,7,3.69594722638747,0,-1,0,0,0,0,0,0,0,0,1
83,0,1,2,0,0,0,0,0,0,9,62,12,4.724041618371038,1,-1,1,0,0,0,0,0,0,0,0
76,0,3,4,1,0,0,0,0,0,10,56,10,4.48239054676748,0,-1,0,0,0,0,0,0,0,0,1
30,0,1,2,0,0,0,0,0,0,0,24,6,3.9395722619867226,1,-1,0,0,0,0,0,0,0,0,0
39,0,1,2,0,0,0,0,0,0,0,32,7,4.0478467699778795,0,-1,0,0,0,0,0,0,0,0,0
58,0,1,2,0,0,0,0,0,0,0,49,9,4.366541452644504,0,-1,0,0,0,0,0,0,0,0,0
54,0,1,3,1,0,0,0,1,0,0,45,9,4.073517362914003,1,-1,0,0,0,0,0,0,0,0,0
105,0,1,3,0,0,0,0,0,0,13,76,16,5.1587853983094325,0,-1,1,0,0,0,0,0,0,0,1
34,0,1,2,0,0,0,0,0,0,0,28,6,3.7777768114567865,0,-1,0,0,0,0,0,0,0,0,0
32,0,0,2,0,0,0,0,0,0,1,24,7,4.077819531114783,0,-1,0,0,0,0,0,0,0,0,1
24,0,1,2,0,0,0,0,0,0,0,18,6,3.5739348962840563,1,-1,1,33,18,0,16,1,0,0,0
32,0,1,2,0,0,0,0,0,0,0,25,7,3.777518266288633,1,-1,0,0,0,0,0,0,0,0,0
33,0,1,2,0,0,0,0,0,0,0,27,6,3.861983513035609,1,-1,1,14,82,1,31,0,0,2,0
25,0,1,2,0,0,0,0,0,0,0,20,5,3.6732696895151076,0,-1,0,0,0,0,0,0,0,0,1
23,0,1,2,0,0,0,0,0,0,0,17,6,3.729446194905257,0,-1,0,0,0,0,0,0,0,0,0
63,0,1,2,0,0,0,0,0,0,9,46,8,4.996733296344086,1,-1,1,58,62,1,13,2,0,0,0
33,0,0,1,0,0,0,0,0,0,0,29,4,3.907734270742486,0,-1,0,0,0,0,0,0,0,0,0
29,0,1,2,0,0,0,0,1,0,1,23,5,3.9093680639438846,0,-1,0,0,0,0,0,0,0,0,1
62,0,1,4,0,0,0,0,0,0,9,42,11,4.816626552112991,0,-1,0,0,0,0,0,0,0,0,0
52,0,1,2,3,0,0,0,0,0,2,40,10,4.223632265843569,0,-1,1,0,0,0,0,0,0,0,0
19,0,1,2,0,0,0,0,0,0,0,13,6,3.2866294867861954,0,-1,0,0,0,0,0,0,0,0,0
28,0,1,2,0,0,0,0,0,0,0,22,6,3.780394654123195,1,-1,1,3,0,1,11,0,0,1,0
27,0,1,2,1,0,0,1,0,0,0,20,7,3.884155094595805,0,-1,0,0,0,0,0,0,0,0,0
59,0,3,5,0,0,0,0,1,0,0,50,9,4.056833313550119,0,-1,0,0,0,0,0,0,0,0,1
33,0,1,2,0,0,0,0,0,0,0,27,6,4.020926316000353,1,-1,0,0,0,0,0,0,0,0,0
26,0,1,2,0,0,0,0,0,0,0,20,6,3.844106544814537,0,-1,1,0,1,0,2,0,0,0,0
128,0,3,4,1,0,0,0,0,0,23,86,19,4.765041099149425,1,-1,0,0,0,0,0,0,0,0,1
41,0,1,3,0,0,0,0,0,0,0,32,9,3.957940346441153,0,-1,1,0,0,0,0,0,0,0,1
74,0,0,1,6,0,0,0,0,0,0,60,14,4.235772710417428,0,-1,0,0,0,0,0,0,0,0,0
60,0,1,3,1,0,0,0,0,0,0,49,11,4.446078254079442,1,-1,0,0,0,0,0,0,0,0,1
263,0,12,14,1,0,0,0,0,0,34,200,29,5.345567892628931,0,-1,1,0,0,0,0,0,0,0,1
76,0,0,3,1,0,0,0,0,0,7,57,12,4.472797705277998,1,-1,0,0,0,0,0,0,0,0,1
49,0,1,2,1,0,0,0,1,0,0,40,9,4.099631661308524,1,-1,1,0,0,0,105,1,0,1,0
51,0,1,3,0,0,0,0,0,0,10,31,10,4.539593233916254,1,-1,1,0,0,0,0,0,0,0,1
27,0,1,2,1,0,0,1,0,0,0,20,7,3.736006946447657,0,-1,0,0,0,0,0,0,0,0,0
55,0,1,3,0,0,0,0,0,0,0,45,10,4.246748295453604,0,-1,0,0,0,0,0,0,0,0,0
21,0,1,2,0,0,0,0,0,0,0,15,6,3.5225715891363594,1,-1,0,0,0,0,0,0,0,0,0
45,0,1,2,0,0,0,0,0,0,0,36,9,4.29464636342018,0,-1,1,12,42,1,20,1,0,1,0
20,0,1,2,0,0,0,0,0,0,0,14,6,3.4464393446710146,1,-1,0,0,0,0,0,0,0,0,0
19,0,1,2,0,0,0,0,0,0,3,10,6,3.576617644908665,0,-1,0,0,0,0,0,0,0,0,1
63,0,1,2,3,0,0,0,0,0,0,51,12,4.1481918375123215,0,-1,0,0,0,0,0,0,0,0,0
148,0,1,2,1,0,0,0,0,0,32,92,24,5.447317742476549,1,-1,1,0,0,0,0,0,0,0,1
23,0,1,2,0,0,0,0,0,0,0,17,6,3.435755433941628,0,-1,0,0,0,0,0,0,0,0,0
49,0,1,2,1,0,0,0,0,0,0,40,9,4.226627957768198,1,-1,0,0,0,0,0,0,0,0,1
77,0,1,2,0,0,0,0,0,0,3,63,11,5.097447579431165,1,-1,0,0,0,0,0,0,0,0,1
61,0,1,4,0,0,1,0,0,0,0,50,11,4.2232786831625395,0,-1,0,0,0,0,0,0,0,0,1
29,0,1,2,0,0,0,0,0,0,0,24,5,3.909368063943885,0,-1,0,0,0,0,0,0,0,0,0
40,0,1,2,0,0,0,0,1,0,0,34,6,4.0775671571169285,0,-1,0,0,0,0,0,0,0,0,0
78,0,1,3,4,0,0,0,0,0,7,58,13,4.570471213825608,0,-1,0,0,0,0,0,0,0,0,0
50,0,1,2,1,0,0,1,0,0,0,42,8,4.191272380112911,1,-1,1,12,2,1,22,2,0,3,0
23,0,1,2,0,0,0,0,0,0,0,17,6,3.588354347173234,1,-1,0,0,0,0,0,0,0,0,0
23,0,0,1,0,0,0,0,0,0,0,19,4,3.7950885863977324,0,-1,0,0,0,0,0,0,0,0,0
47,0,1,2,0,0,0,0,0,0,0,40,7,4.171743778067191,0,-1,0,0,0,0,0,0,0,0,0
89,0,1,2,8,0,0,0,0,0,8,63,18,4.523503758127286,1,-1,0,0,0,0,0,0,0,0,0
66,0,1,2,1,0,0,1,0,0,21,38,7,5.002060975124043,0,-1,0,0,0,0,0,0,0,0,1
27,0,1,2,0,0,0,0,0,0,0,21,6,4.004344446367529,0,-1,0,0,0,0,0,0,0,0,0
51,0,1,2,0,0,0,0,0,0,0,43,8,3.934284108361806,0,-1,1,2,0,0,25,1,0,0,0
49,0,1,3,0,0,0,0,0,0,0,42,7,4.127080191266614,0,-1,1,3,0,0,1,1,0,1,0
31,0,1,2,0,0,0,0,0,0,0,25,6,4.018081793978685,1,-1,1,0,0,0,83,0,0,0,0
87,0,0,5,0,0,0,0,0,0,2,72,13,4.443539222022284,0,-1,0,0,0,0,0,0,0,0,1
32,0,0,1,0,0,0,0,0,0,0,23,9,3.5498008763572906,0,-1,0,0,0,0,0,0,0,0,1
40,0,1,2,0,0,0,0,0,0,0,34,6,4.156198332810095,1,-1,0,0,0,0,0,0,0,0,0
44,0,1,3,0,0,0,0,0,0,7,28,9,4.3542227440216,0,-1,0,0,0,0,0,0,0,0,0
56,0,0,1,4,0,0,0,0,0,1,45,10,4.175496386606638,0,-1,0,0,0,0,0,0,0,0,0
43,1,0,4,0,0,0,0,0,0,13,21,9,4.379298475431077,0,-1,0,0,0,0,0,0,0,0,1
70,0,1,5,2,0,0,1,0,0,0,56,14,4.332645611332709,0,-1,0,0,0,0,0,0,0,0,1
69,0,1,3,4,0,0,1,0,0,0,58,11,4.269251044885638,0,-1,0,0,0,0,0,0,0,0,0
62,0,1,2,0,0,0,0,0,0,2,51,9,4.31777515060621,0,-1,0,0,0,0,0,0,0,0,0
24,0,1,3,0,0,0,0,0,0,0,17,7,3.423533209849189,0,-1,1,0,1,1,12,0,0,0,0
46,0,1,2,2,0,0,0,0,0,0,37,9,4.354552444952288,0,-1,0,0,0,0,0,0,0,0,0
81,0,1,3,0,0,0,0,0,0,1,70,10,4.324435659079415,0,-1,0,0,0,0,0,0,0,0,0
46,0,1,3,0,0,0,0,0,0,2,36,8,4.2675959232131575,0,-1,0,0,0,0,0,0,0,0,1
28,0,1,2,0,0,0,0,0,0,0,22,6,3.583616975397234,0,-1,0,0,0,0,0,0,0,0,0
42,0,1,2,0,0,0,0,0,0,1,32,9,4.016735577283109,0,-1,0,0,0,0,0,0,0,0,0
23,0,1,2,0,0,0,0,0,0,0,17,6,3.708132064658602,1,-1,0,0,0,0,0,0,0,0,0
113,0,13,14,0,0,0,0,0,0,32,62,19,4.593144149983432,0,-1,0,0,0,0,0,0,0,0,1
25,0,0,1,0,0,0,0,0,0,0,20,5,3.8634651896016456,1,-1,0,0,0,0,0,0,0,0,1
56,0,0,1,0,0,0,0,0,0,0,47,9,4.209141424086756,0,-1,0,0,0,0,0,0,0,0,1
39,0,1,2,0,0,0,0,0,0,2,30,7,4.201692923824033,1,-1,1,99,21,1,13,1,0,3,0
19,0,0,2,0,0,0,0,0,0,0,13,6,3.7871439606981383,1,-1,0,0,0,0,0,0,0,0,0
25,0,1,2,0,0,0,0,0,0,0,19,6,3.703465189601646,0,-1,0,0,0,0,0,0,0,0,0
43,0,1,3,0,0,0,0,0,0,0,35,8,4.210807487109298,1,-1,0,0,0,0,0,0,0,0,0
116,0,1,4,2,1,0,0,0,0,0,97,19,4.4726688679168305,0,-1,0,0,0,0,0,0,0,0,1
50,0,1,3,0,0,0,0,1,0,6,35,9,4.216691261048899,1,-1,0,0,0,0,0,0,0,0,1
121,0,1,2,17,0,0,0,0,0,0,98,23,4.2616079649896825,1,-1,0,0,0,0,0,0,0,0,0
27,0,1,2,0,0,0,0,0,0,0,21,6,3.574357762129128,0,-1,1,22,0,0,13,0,0,0,0
73,0,1,2,4,0,0,0,0,0,2,60,11,4.282175504548766,1,-1,0,0,0,0,0,0,0,0,0
36,0,1,2,0,0,0,0,0,0,8,22,6,4.329239931817578,0,-1,0,0,0,0,0,0,0,0,1
90,0,1,2,1,0,0,0,1,0,4,72,14,5.375147613396137,1,-1,0,0,0,0,0,0,0,0,1
107,0,1,3,0,0,0,0,0,0,2,86,19,4.650601478609388,1,-1,0,0,0,0,0,0,0,0,0
24,0,0,1,0,0,0,0,0,0,0,19,5,3.522055208874201,1,-1,0,0,0,0,0,0,0,0,0
26,0,1,2,0,0,0,0,0,0,0,20,6,3.7671834678914604,1,-1,0,0,0,0,0,0,0,0,0
43,0,1,2,1,0,0,0,0,0,0,35,8,4.1558184643976634,0,-1,0,0,0,0,0,0,0,0,0
51,0,1,3,0,0,0,0,0,0,7,34,10,4.336367195159387,1,-1,0,0,0,0,0,0,0,0,0
64,0,0,2,1,0,0,0,0,0,0,53,11,4.371018072054204,1,-1,0,0,0,0,0,0,0,0,1
34,0,1,2,0,0,0,0,0,0,0,29,5,4.197325708706504,0,-1,0,0,0,0,0,0,0,0,0
25,0,0,1,0,0,0,0,0,0,0,19,6,3.7336606896881857,0,-1,0,0,0,0,0,0,0,0,1
39,0,1,2,0,0,0,0,0,0,0,32,7,4.131054782742918,0,-1,0,0,0,0,0,0,0,0,1
18,0,0,1,0,0,0,0,0,0,0,13,5,3.6835423624332306,1,-1,1,5,11,1,80,0,0,1,0
20,0,1,2,0,0,0,0,0,0,0,14,6,3.546439344671015,1,-1,0,0,0,0,0,0,0,0,0
70,0,0,2,3,0,0,0,0,0,0,59,11,4.3590915455416095,1,-1,0,0,0,0,0,0,0,0,1
53,0,3,4,2,0,0,0,1,0,0,43,10,4.1372834258122895,0,-1,1,0,0,0,0,0,0,0,1
28,0,1,2,0,0,0,0,0,0,0,22,6,3.842370993177109,0,-1,1,0,0,0,0,0,0,0,1
57,0,1,2,4,0,0,0,0,0,2,44,11,4.455182557796656,1,-1,1,0,0,0,0,0,0,0,0
93,0,0,4,1,0,0,0,0,0,12,68,13,4.755669737312679,0,-1,0,0,0,0,0,0,0,0,1
32,0,1,2,0,0,0,0,0,0,0,26,6,3.890319531114783,1,-1,1,3,15,0,69,0,0,1,0
100,0,3,4,4,0,0,0,0,0,29,57,14,4.732110910503975,0,-1,0,0,0,0,0,0,0,0,1
105,0,1,2,0,0,0,0,1,0,9,80,16,5.298424419141378,1,-1,0,0,0,0,0,0,0,0,1
52,0,1,2,1,0,0,0,0,0,10,33,9,4.611416824235502,0,-1,1,0,0,0,0,0,0,0,1
38,0,1,2,0,0,0,0,0,0,0,32,6,4.260828171224455,1,-1,0,0,0,0,0,0,0,0,0
30,0,1,2,0,0,0,0,0,0,0,24,6,4.081727678869736,1,-1,0,0,0,0,0,0,0,0,1
33,0,1,2,0,0,0,0,0,0,0,26,7,4.12728313431329,1,-1,1,3,4,1,0,0,0,0,0
35,0,1,2,0,0,0,0,0,0,0,29,6,4.028445159431228,0,-1,0,0,0,0,0,0,0,0,1
35,0,1,2,1,0,0,1,0,0,0,27,8,3.957295873840569,0,-1,0,0,0,0,0,0,0,0,0
39,0,0,2,0,0,0,0,0,0,1,30,8,4.006573937300012,1,-1,0,0,0,0,0,0,0,0,1
28,0,1,2,0,0,0,0,0,0,0,23,5,3.821296333684861,0,-1,1,49,1,0,4,0,0,0,0
34,0,1,2,0,0,0,0,0,0,0,28,6,4.02085512047121,0,-1,1,0,0,0,0,0,0,0,0
32,0,0,1,0,0,0,0,0,0,0,26,6,3.890319531114783,1,-1,0,0,0,0,0,0,0,0,1
38,0,1,2,0,0,0,0,0,0,0,31,7,3.9649041581234927,0,-1,1,42,66,1,24,1,0,0,0
25,0,1,2,0,0,0,0,0,0,0,19,6,3.643074189428569,1,-1,1,455,47,0,13,0,0,1,0
109,0,1,3,8,0,0,0,0,0,6,87,16,4.5567271604833275,1,-1,1,0,0,0,0,0,0,0,0
66,0,1,2,0,0,0,0,0,0,14,43,9,4.951379490761219,1,-1,1,0,0,0,0,0,0,0,0
31,0,1,2,0,0,0,0,0,0,0,25,6,3.8001821971347023,0,-1,1,24,1,1,10,0,0,13,0
439,0,1,3,2,0,0,0,0,0,233,188,18,4.355172082883939,0,-1,0,0,0,0,0,0,0,0,1
38,0,1,2,1,0,0,0,0,0,0,31,7,4.11583409216322,1,-1,1,13,113,1,37,1,1,9,0
77,0,0,1,0,0,0,0,0,0,22,48,7,4.7366223863702075,0,-1,0,0,0,0,0,0,0,0,1
32,0,1,2,3,0,0,1,0,0,1,22,9,4.054229296672174,1,-1,0,0,0,0,0,0,0,0,0
53,0,1,3,6,0,0,0,0,0,0,30,23,4.273983661620526,1,-1,0,0,0,0,0,0,0,0,1
35,0,1,3,0,0,0,0,0,0,4,24,7,3.935727659493041,0,-1,0,0,0,0,0,0,0,0,1
62,0,1,2,4,0,0,0,0,0,2,48,12,4.04487701288776,1,-1,0,0,0,0,0,0,0,0,0
50,0,1,2,0,0,0,0,0,0,4,38,8,4.214177320667443,0,-1,0,0,0,0,0,0,0,0,1
39,0,1,2,0,0,0,0,0,0,8,24,7,4.426177218751301,0,-1,0,0,0,0,0,0,0,0,1
40,0,1,3,1,0,0,0,0,0,0,32,8,4.0061983328100945,1,-1,0,0,0,0,0,0,0,0,0
52,0,1,3,0,0,0,0,0,0,2,42,8,4.378727103656465,0,-1,0,0,0,0,0,0,0,0,1
63,0,1,2,2,0,0,0,0,0,0,53,10,4.316499122181016,0,-1,0,0,0,0,0,0,0,0,0
61,0,3,5,1,0,0,0,1,0,2,48,11,4.084094666840031,1,-1,0,0,0,0,0,0,0,0,1
29,0,1,2,1,0,0,1,0,0,0,22,7,3.857306856898129,1,-1,0,0,0,0,0,0,0,0,0
37,0,1,2,0,0,0,0,0,0,8,22,7,4.270132081786695,0,-1,0,0,0,0,0,0,0,0,1
29,0,1,2,0,0,0,0,0,0,0,23,6,3.9262723741395074,0,-1,1,1,141,1,13,0,1,0,0
82,0,1,2,0,0,0,0,0,0,7,64,11,5.151529407184169,1,-1,0,0,0,0,0,0,0,0,1
34,0,0,2,0,0,0,0,0,0,3,23,8,4.124083797069061,0,-1,1,0,0,0,3,0,0,2,0
28,0,0,1,0,0,0,0,0,0,0,23,5,3.869331261111518,1,-1,1,12,117,1,100,3,0,0,0
25,0,1,2,0,0,0,0,0,0,0,20,5,3.943465189601646,0,-1,1,5,0,0,31,1,0,0,0
39,0,1,3,0,0,0,0,0,0,0,32,7,3.9065704878156495,0,-1,0,0,0,0,0,0,0,0,0
57,0,1,3,3,0,0,1,0,0,0,46,11,4.178843085436777,1,-1,0,0,0,0,0,0,0,0,1
32,0,2,3,1,0,0,0,0,0,4,20,8,3.882048827786958,0,-1,0,0,0,0,0,0,0,0,1
27,0,1,2,0,0,0,0,0,0,0,21,6,3.782122224145306,1,-1,0,0,0,0,0,0,0,0,0
24,0,1,2,0,0,0,0,0,0,0,18,6,3.7720552088742005,0,-1,0,0,0,0,0,0,0,0,0
26,0,1,2,0,0,0,0,0,0,0,20,6,3.5944825065194195,0,-1,1,0,0,0,0,0,0,0,1
24,0,0,1,0,0,0,0,0,0,0,19,5,3.772055208874201,0,-1,1,13,0,0,18,0,0,0,1
15,0,0,1,0,0,0,0,0,0,0,11,4,3.506890595608518,0,-1,1,0,0,0,0,0,0,0,0
41,0,1,3,0,0,0,0,0,0,0,33,8,4.11073699294092,0,-1,0,0,0,0,0,0,0,0,0
68,0,3,5,3,0,0,0,1,0,6,49,13,4.382853973629237,1,-1,0,0,0,0,0,0,0,0,1
52,0,1,3,1,0,0,0,0,0,0,43,9,4.17301814188685,0,-1,0,0,0,0,0,0,0,0,0
51,0,3,5,3,0,0,0,1,0,5,34,12,4.1459847256584705,0,-1,0,0,0,0,0,0,0,0,1
37,0,1,2,0,0,0,0,0,0,0,30,7,4.013111135723804,1,-1,1,260,5,1,5,0,0,2,0
44,0,1,2,0,0,0,0,1,0,0,38,6,3.924754631470696,0,-1,0,0,0,0,0,0,0,0,0
24,0,1,2,1,0,0,1,0,0,0,17,7,3.8239348962840563,1,-1,0,0,0,0,0,0,0,0,0
25,0,1,2,0,0,0,0,0,0,0,19,6,3.6234651896016463,1,-1,0,0,0,0,0,0,0,0,0
70,0,1,2,1,0,0,0,0,0,9,51,10,4.955869224267572,1,-1,1,0,0,0,0,0,0,0,1
139,0,4,5,1,0,0,0,0,0,16,102,21,4.72953850156229,1,-1,0,0,0,0,0,0,0,0,1
66,0,1,3,0,0,0,0,0,0,0,57,9,4.312626128926675,0,-1,0,0,0,0,0,0,0,0,0
57,0,1,2,1,0,0,0,0,0,10,38,9,4.569046154211971,0,-1,1,0,0,0,0,0,0,0,1
39,0,0,2,0,0,0,0,0,0,0,32,7,4.1604200911461655,0,-1,0,0,0,0,0,0,0,0,1
65,0,1,2,3,0,0,0,0,0,0,54,11,4.328319598590691,1,-1,0,0,0,0,0,0,0,0,0
29,0,1,2,0,0,0,0,1,0,1,23,5,3.9488593407620454,0,-1,0,0,0,0,0,0,0,0,1
19,0,0,2,0,0,0,0,0,0,0,14,5,3.7216117239699007,0,-1,0,0,0,0,0,0,0,0,0
47,0,0,2,1,0,0,1,0,0,19,19,9,4.402695968966624,0,-1,0,0,0,0,0,0,0,0,1
49,0,0,2,1,0,0,0,0,0,0,40,9,4.329123753101106,0,-1,0,0,0,0,0,0,0,0,1
22,0,0,1,0,0,0,0,0,0,0,17,5,3.5726236638951625,1,-1,0,0,0,0,0,0,0,0,0
45,0,0,1,1,0,0,0,0,0,0,35,10,4.193933719517082,0,-1,1,0,0,0,0,0,0,0,1
71,0,0,3,0,0,0,0,0,0,2,54,15,4.549424458338744,0,-1,0,0,0,0,0,0,0,0,1
53,0,1,3,0,0,0,0,0,0,0,45,8,4.207102361466449,0,-1,1,0,88,1,4,0,0,0,0
96,0,0,2,1,0,0,0,0,0,19,65,12,4.817016933920204,0,-1,0,0,0,0,0,0,0,0,1
80,0,2,4,2,0,0,0,0,0,4,64,12,4.369790715519554,1,-1,0,0,0,0,0,0,0,0,0
169,0,1,5,0,0,1,0,0,0,4,131,34,4.547960307508102,1,-1,0,0,0,0,0,0,0,0,1
54,0,0,1,1,0,0,1,0,0,0,45,9,4.233795548692773,0,-1,0,0,0,0,0,0,0,0,1
118,0,3,4,0,0,0,0,0,0,23,78,17,4.731409469784448,0,-1,0,0,0,0,0,0,0,0,1
64,0,1,3,2,0,0,1,0,0,0,54,10,4.194909571322961,0,-1,0,0,0,0,0,0,0,0,0
21,0,1,2,0,0,0,0,0,0,4,11,6,3.6537567082870006,0,-1,0,0,0,0,0,0,0,0,1
54,0,1,2,0,0,0,0,0,0,8,39,7,4.558050641365494,1,-1,0,0,0,0,0,0,0,0,1
86,0,2,4,0,0,0,0,0,0,34,43,9,4.718497063532118,0,-1,0,0,0,0,0,0,0,0,1
71,0,1,3,2,0,0,0,0,0,0,60,11,4.27781583136488,1,-1,0,0,0,0,0,0,0,0,0
32,0,0,1,1,0,0,1,0,0,0,26,6,4.108458593344349,1,-1,0,0,0,0,0,0,0,0,1
29,0,1,2,0,0,0,0,0,0,0,23,6,3.9952378913808873,1,-1,1,13,0,1,20,1,0,1,0
89,0,1,2,7,0,0,0,1,0,10,62,17,4.376824163604892,0,-1,1,7,52,1,19,1,0,1,0
73,0,1,2,5,0,0,0,0,0,0,61,12,4.2945545745150735,0,-1,1,0,0,0,0,0,0,0,0
20,1,0,3,0,0,0,0,0,0,9,4,7,3.4086949695628417,0,-1,0,0,0,0,0,0,0,0,1
77,0,1,3,4,0,0,0,0,0,6,58,13,4.677464508942368,1,-1,0,0,0,0,0,0,0,0,0
129,0,4,5,1,0,0,0,0,0,20,89,20,4.754931911420563,0,-1,1,0,0,0,0,0,0,0,1
34,0,1,2,0,0,0,0,0,0,4,25,5,4.17512313511346,1,-1,0,0,0,0,0,0,0,0,1
51,0,1,2,0,0,0,0,0,0,11,32,8,4.370393420522319,0,-1,1,0,0,0,0,0,0,0,1
27,0,1,3,0,0,0,0,0,0,0,20,7,3.9763856499911046,1,-1,0,0,0,0,0,0,0,0,0
126,0,1,4,3,0,0,0,0,0,5,102,19,4.740359917290792,0,-1,0,0,0,0,0,0,0,0,1
71,0,0,2,1,0,0,1,0,0,12,48,11,4.739339154893165,1,-1,0,0,0,0,0,0,0,0,1
39,0,1,2,1,0,0,0,0,0,4,26,9,4.458103180234289,1,-1,0,0,0,0,0,0,0,0,1
49,0,0,1,0,0,0,0,0,0,0,41,8,4.245453029221314,0,-1,1,16,0,1,1,0,0,4,0
37,0,1,2,0,0,0,0,0,0,0,30,7,4.067165189777858,1,-1,0,0,0,0,0,0,0,0,1
31,0,1,2,0,0,0,0,0,0,0,25,6,3.937751955408586,1,-1,0,0,0,0,0,0,0,0,0
30,0,1,2,0,0,0,0,0,0,0,24,6,3.8729055953200557,1,-1,0,0,0,0,0,0,0,0,0
73,0,1,3,5,0,0,0,0,0,5,56,12,4.385756848415241,0,-1,1,77,6,0,53,1,0,2,0
56,0,1,2,1,0,0,1,0,0,0,45,11,4.518411895854318,0,-1,1,7,0,0,4,0,0,0,1
259,0,1,2,1,0,0,0,0,0,31,220,8,5.580021699729212,0,-1,1,50,0,1,17,1,0,14,1
35,0,1,2,0,0,0,0,0,0,4,25,6,4.207435516759525,0,-1,1,0,0,0,0,0,0,0,1
113,0,1,2,0,0,0,0,0,0,10,89,14,5.247040746549193,1,-1,1,0,0,0,0,0,0,0,1
51,0,1,2,3,0,0,0,1,0,3,37,11,4.233521852064553,1,-1,0,0,0,0,0,0,0,0,0
25,0,1,2,0,0,0,0,0,0,0,19,6,3.783465189601646,1,-1,1,8,16,1,41,1,1,0,0
17,0,0,1,0,0,0,0,0,0,0,13,4,3.734521664779752,0,-1,0,0,0,0,0,0,0,0,0
43,0,1,3,1,0,0,1,0,0,0,32,11,4.268719696310996,0,-1,0,0,0,0,0,0,0,0,1
23,0,0,1,0,0,0,0,0,0,1,16,6,3.621175542919471,0,-1,0,0,0,0,0,0,0,0,1
30,0,1,2,0,0,0,0,0,0,0,23,7,4.081727678869736,1,-1,0,0,0,0,0,0,0,0,0
102,0,1,4,0,0,0,0,0,0,25,63,14,4.691362783965064,0,-1,0,0,0,0,0,0,0,0,1
23,0,1,2,0,0,0,0,0,0,0,17,6,3.7622673906514947,0,-1,0,0,0,0,0,0,0,0,1
78,0,1,3,4,0,0,0,0,0,1,64,13,4.511327905465516,1,-1,0,0,0,0,0,0,0,0,0
32,0,0,1,1,0,0,0,0,0,0,26,6,4.116729296672174,1,-1,0,0,0,0,0,0,0,0,1
35,0,1,2,0,0,0,0,0,0,0,29,6,4.047160074632759,0,-1,0,0,0,0,0,0,0,0,0
42,0,1,2,0,0,0,0,0,0,1,35,6,4.203837733233675,0,-1,0,1,0,1,3,0,0,1,1
39,0,1,2,0,0,0,0,0,0,0,32,7,3.9233659245349726,1,-1,1,33,80,0,26,1,0,7,0
42,0,1,2,0,0,0,0,0,0,8,26,8,4.279720852464462,1,-1,0,0,0,0,0,0,0,0,0
183,0,0,6,1,0,0,0,0,0,47,112,24,5.387087013902383,0,-1,0,0,0,0,0,0,0,0,1
57,0,1,3,0,0,0,0,0,0,0,46,11,4.202439190137591,0,-1,0,0,0,0,0,0,0,0,1
32,0,0,1,0,0,0,0,0,0,6,20,6,4.0,0,-1,1,0,0,0,0,0,0,0,1
74,0,2,3,2,0,0,0,0,0,6,57,11,4.582726386643206,0,-1,0,0,0,0,0,0,0,0,1
282,0,1,3,1,0,0,0,1,0,59,192,31,5.560336109526664,1,-1,1,0,0,1,34,0,0,0,1
49,0,3,4,2,0,0,0,1,0,3,36,10,4.28488822250847,1,-1,0,0,0,0,0,0,0,0,1
86,0,2,3,1,0,0,0,0,0,24,50,12,5.102851527630876,0,-1,0,0,0,0,0,0,0,0,1
87,0,1,3,0,1,0,0,0,0,8,68,11,5.028476254171007,1,-1,1,0,0,0,0,0,0,0,1
43,0,1,3,0,0,0,0,0,0,2,32,9,4.31290887142472,1,-1,0,0,0,0,0,0,0,0,0
40,0,1,2,0,0,0,0,0,0,0,33,7,4.103055907333275,0,-1,1,39,3,1,26,1,0,1,0
24,0,1,2,0,0,0,0,0,0,0,18,6,3.7406015629507228,1,-1,0,0,0,0,0,0,0,0,0
29,0,1,2,1,0,0,1,0,0,0,23,6,3.909368063943885,1,-1,1,5,94,1,28,0,0,1,0
64,0,1,3,2,0,0,0,0,0,0,55,9,4.304632914624721,0,-1,0,0,0,0,0,0,0,0,0
26,0,0,1,0,0,0,0,0,0,0,22,4,3.6385304691242912,0,-1,0,0,0,0,0,0,0,0,0
87,0,1,3,0,1,0,0,0,0,8,68,11,5.004636783812997,1,-1,0,0,0,0,0,0,0,0,1
77,0,0,1,0,0,0,0,0,0,21,49,7,4.777887801550821,0,-1,0,0,0,0,0,0,0,0,1
35,0,1,2,0,0,0,0,0,0,0,28,7,4.164299088064469,0,-1,0,0,0,0,0,0,0,0,0
30,0,1,2,0,0,0,0,1,0,1,24,5,3.9614063297218425,0,-1,1,0,0,0,0,0,0,0,1
110,0,1,2,14,0,0,0,0,0,6,81,23,4.355414907728972,1,-1,1,21,45,0,47,1,0,5,0
42,0,1,3,0,0,0,0,0,0,5,28,9,4.282098601752792,0,-1,1,10,0,1,9,0,0,0,0
33,0,1,2,0,0,0,0,0,0,0,26,7,3.725916088924304,0,-1,1,0,0,0,0,0,0,0,1
41,0,1,2,0,0,0,0,1,0,4,31,6,4.226709858847345,1,-1,1,0,0,0,0,0,0,0,1
33,0,1,2,0,0,0,0,0,0,7,19,7,4.369707376737533,0,-1,0,0,0,0,0,0,0,0,0
86,0,0,3,1,1,0,0,0,0,0,72,14,4.421954042031814,0,-1,1,0,0,0,0,0,0,0,1
41,0,1,2,0,0,0,0,0,0,1,34,6,4.0346536885808275,1,-1,0,0,0,0,0,0,0,0,1
42,0,1,3,0,0,0,0,0,0,0,33,9,4.079950387570099,0,-1,0,0,0,0,0,0,0,0,1
26,0,1,2,0,0,0,0,0,0,0,20,6,3.8150724101159423,1,-1,1,6,1,1,42,0,0,0,0
35,0,0,1,0,0,0,0,0,0,0,29,6,4.093149802473811,0,-1,1,40,0,1,12,1,0,0,0
40,0,1,2,0,0,0,0,0,0,0,33,7,3.9561983328100947,0,-1,0,0,0,0,0,0,0,0,0
27,0,1,2,0,0,0,0,0,0,4,17,6,4.032303242743954,0,-1,1,5,0,0,3,0,0,1,0
116,0,0,5,0,0,0,0,0,0,25,77,14,5.125662327559534,0,-1,0,0,0,0,0,0,0,0,1
40,0,1,2,0,0,0,0,1,0,0,34,6,3.602078406900582,1,-1,0,0,0,0,0,0,0,0,1
51,0,1,3,0,0,0,0,0,0,0,42,9,3.9394735692733827,1,-1,0,0,0,0,0,0,0,0,0
430,1,0,24,0,1,1,0,0,0,17,314,99,4.7147887327312095,0,-1,0,0,0,0,0,0,0,0,1
90,0,1,4,1,1,0,0,0,0,5,72,13,5.080633864210842,0,-1,0,0,0,0,0,0,0,0,1
19,0,1,2,0,0,0,0,0,0,0,13,6,3.2866294867861954,1,-1,1,28,71,1,47,5,0,0,0
59,0,1,2,0,0,0,0,0,0,0,49,10,4.359349778498667,1,-1,1,0,0,0,0,0,0,0,0
372,0,0,5,0,1,1,0,0,0,140,206,26,4.367987454129033,0,-1,1,0,0,0,0,0,0,0,1
30,0,1,2,1,0,0,0,1,0,0,23,7,3.9898980954642873,1,-1,0,0,0,0,0,0,0,0,1
74,0,0,3,4,0,0,1,0,0,0,59,15,4.274662447695505,0,-1,0,0,0,0,0,0,0,0,1
35,0,1,2,0,0,0,0,0,0,0,29,6,4.16429908806447,1,-1,0,0,0,0,0,0,0,0,0
29,0,1,2,0,0,0,0,1,0,0,23,6,3.7883413396567494,1,-1,0,0,0,0,0,0,0,0,0
62,0,1,2,2,0,0,0,0,0,0,53,9,4.274535576718848,1,-1,1,0,0,0,0,0,0,0,0
51,0,0,1,1,0,0,0,0,0,2,40,9,4.444401999165797,1,-1,0,0,0,0,0,0,0,0,0
37,0,1,2,0,0,0,0,0,0,6,23,8,4.1317695012795665,1,-1,0,0,0,0,0,0,0,0,0
36,0,1,2,0,0,0,0,0,0,0,28,8,4.006749918638778,0,-1,0,0,0,0,0,0,0,0,1
26,0,1,2,0,0,0,0,0,0,2,18,6,4.026986833359286,0,-1,0,0,0,0,0,0,0,0,1
42,0,0,1,0,0,0,0,0,0,0,35,7,3.841855149474861,0,-1,0,0,0,0,0,0,0,0,1
86,0,1,3,3,0,0,0,0,0,0,75,11,4.435863267177969,0,-1,0,0,0,0,0,0,0,0,0
83,0,1,2,0,0,0,0,0,0,9,50,24,4.647049334930516,1,-1,0,0,0,0,0,0,0,0,0
69,0,0,1,0,0,0,0,0,0,0,60,9,3.919410965357847,0,-1,0,0,0,0,0,0,0,0,1
36,0,1,2,1,0,0,0,0,0,0,29,7,4.030493056757481,0,-1,1,0,0,0,0,0,0,0,1
229,0,0,3,28,0,0,0,0,0,22,165,42,4.7420837126427955,1,-1,0,0,0,0,0,0,0,0,1
20,0,1,2,0,0,0,0,0,0,0,15,5,3.5841837197791886,1,-1,0,0,0,0,0,0,0,0,0
31,0,0,1,0,0,0,0,1,0,1,24,6,4.079376456233205,1,-1,0,0,0,0,0,0,0,0,1
237,0,0,2,0,0,0,0,0,0,88,129,20,4.948703688494373,0,-1,0,0,0,0,0,0,0,0,1
41,0,1,2,0,0,0,0,0,0,2,29,10,4.326706577630512,0,-1,1,25,27,0,6,0,0,0,0
50,0,0,2,1,0,0,0,1,0,0,42,8,4.147277761308516,0,-1,0,0,0,0,0,0,0,0,1
70,0,1,2,1,0,0,0,0,0,4,55,11,4.927297795696143,1,-1,1,0,0,0,0,0,0,0,1
78,0,0,2,4,0,0,1,0,0,7,59,12,4.586970655848723,0,-1,1,4,0,1,12,0,0,0,0
70,0,1,2,2,0,0,0,0,0,1,57,12,4.346511766666806,0,-1,0,0,0,0,0,0,0,0,0
25,0,1,2,0,0,0,0,0,0,0,19,6,3.2390795706241744,0,-1,0,0,0,0,0,0,0,0,0
56,0,1,2,0,0,0,0,0,0,7,42,7,4.368009226805324,0,-1,0,0,0,0,0,0,0,0,1
39,0,0,2,0,0,0,0,0,0,5,25,9,4.1604200911461655,1,-1,1,0,0,0,0,0,0,0,0
260,0,1,3,0,0,0,0,0,0,33,213,14,5.113399678941509,0,-1,0,0,0,0,0,0,0,0,1
36,0,1,2,0,0,0,0,1,0,1,30,5,4.027719015921097,0,-1,0,0,0,0,0,0,0,0,1
32,0,0,1,0,0,0,0,0,0,0,25,7,3.878928031846024,1,-1,0,0,0,0,0,0,0,0,1
52,0,0,1,3,0,0,0,0,0,0,43,9,4.210363882461015,1,-1,0,0,0,0,0,0,0,0,0
31,0,1,2,2,0,0,1,0,0,0,23,8,3.9292144551992183,1,-1,0,0,0,0,0,0,0,0,0
51,0,1,3,0,0,0,0,0,0,0,42,9,4.0322539597804266,0,-1,1,0,0,0,0,0,0,0,1
109,0,1,7,0,0,0,0,0,0,4,88,17,4.543301153579245,0,-1,1,0,0,0,0,0,0,0,1
35,0,0,1,0,0,0,0,0,0,2,26,7,3.9760107890420997,0,-1,1,0,0,0,0,0,0,0,0
126,0,3,4,1,0,0,0,0,0,20,88,18,4.689032973506047,0,-1,0,0,0,0,0,0,0,0,1
240,0,0,7,2,0,0,0,0,0,45,164,31,5.373516779046028,0,-1,0,0,0,0,0,0,0,0,1
43,0,1,3,0,0,0,0,0,0,6,28,9,4.34186497602557,0,-1,1,5,0,1,9,0,0,3,0
92,0,0,2,1,0,0,0,0,0,28,52,12,4.706166744360949,0,-1,0,0,0,0,0,0,0,0,1
61,0,1,2,4,0,0,0,0,0,0,50,11,4.120841796679147,1,-1,1,4,0,1,41,0,0,6,0
92,0,1,2,1,0,0,1,0,0,8,72,12,4.670118891574811,0,-1,1,0,0,0,0,0,0,0,1
21,0,1,2,0,0,0,0,0,0,4,11,6,3.4273334938982645,0,-1,0,0,0,0,0,0,0,0,1
57,0,1,3,1,0,0,0,1,0,6,41,10,4.574142541149749,1,-1,0,0,0,0,0,0,0,0,0
16,0,0,1,0,0,0,0,0,0,0,12,4,3.327819531114783,0,-1,1,0,0,0,0,0,0,0,0
38,0,1,2,1,0,0,0,0,0,1,28,9,4.040709013945501,0,-1,0,0,0,0,0,0,0,0,0
24,0,1,2,0,0,0,0,0,0,0,19,5,3.8035088547976788,0,-1,1,12,0,0,0,0,0,0,1
49,0,1,2,0,0,0,0,0,0,0,41,8,4.104178978176361,1,-1,0,0,0,0,0,0,0,0,0
30,0,1,2,0,0,0,0,1,0,3,22,5,3.9898980954642873,0,-1,0,0,0,0,0,0,0,0,1
28,1,0,3,0,0,0,0,0,0,11,9,8,3.56610893983748,0,-1,0,0,0,0,0,0,0,0,1
62,0,0,2,0,0,0,0,0,0,8,42,12,4.59550548849127,0,-1,1,10,0,1,6,0,0,1,0
293,0,1,4,2,0,0,0,0,0,146,129,18,4.897720947970794,1,-1,0,0,0,0,0,0,0,0,1
51,0,1,3,0,0,0,0,0,0,5,36,10,4.3955740580741685,1,-1,0,0,0,0,0,0,0,0,0
38,0,1,2,0,0,0,0,0,0,0,32,6,4.0433370526326025,1,-1,1,9,39,1,12,2,0,3,0
68,0,1,2,0,0,0,0,0,0,18,43,7,4.601306223221492,1,-1,0,0,0,0,0,0,0,0,1
26,0,0,2,0,0,0,0,1,0,0,20,6,3.8731406795131327,1,-1,0,0,0,0,0,0,0,0,0
35,0,1,2,0,0,0,0,0,0,0,30,5,3.9404361462467703,0,-1,0,0,0,0,0,0,0,0,0
133,0,8,10,2,1,0,0,0,0,5,110,18,4.688109894491512,0,-1,0,0,0,0,0,0,0,0,1
45,0,1,2,0,0,0,0,0,0,0,38,7,4.197082818407667,1,-1,0,0,0,0,0,0,0,0,0
27,0,0,1,0,0,0,0,0,0,0,22,5,4.032303242743954,0,-1,0,0,0,0,0,0,0,0,0
39,0,0,1,0,0,0,0,0,0,3,28,8,3.9259265776147125,0,-1,0,0,0,0,0,0,0,0,1
20,0,1,2,0,0,0,0,0,0,0,15,5,3.6841837197791887,0,-1,0,0,0,0,0,0,0,0,0
33,0,1,2,0,0,0,0,0,0,7,20,6,4.4531888161970326,1,-1,0,0,0,0,0,0,0,0,1
46,0,1,3,0,0,0,0,0,0,1,36,9,3.969001629875992,1,-1,1,198,1,0,18,1,0,8,0
104,0,1,2,2,0,0,1,0,0,5,82,17,4.577515021972711,1,-1,1,0,0,0,0,0,0,0,1
31,0,1,2,0,0,0,0,0,0,0,25,6,3.8614768593892226,1,-1,0,0,0,0,0,0,0,0,0
38,0,1,3,0,0,0,0,0,0,0,30,8,3.893086896197163,0,-1,0,0,0,0,0,0,0,0,1
36,0,3,4,0,0,0,0,1,0,9,19,8,4.239097917988785,0,-1,1,0,0,0,0,0,0,0,1
73,0,1,3,1,0,0,0,0,0,0,63,10,4.0793174866422754,0,-1,1,17,61,0,64,0,0,0,0
40,0,1,2,1,0,0,0,1,0,0,33,7,4.196439344671015,1,-1,0,0,0,0,0,0,0,0,1
108,0,1,4,1,1,0,0,0,0,4,89,15,4.68675711922719,0,-1,0,0,0,0,0,0,0,0,1
64,0,1,2,5,0,0,0,0,0,9,40,15,4.415623587245974,1,-1,0,0,0,0,0,0,0,0,0
138,0,1,3,8,0,0,0,0,0,3,114,21,4.401790856881677,1,-1,0,0,0,0,0,0,0,0,0
26,0,0,1,0,0,0,0,0,0,1,20,5,3.8441065448145375,0,-1,0,0,0,0,0,0,0,0,1
30,0,0,3,0,0,0,0,0,0,0,24,6,4.256564762130954,0,-1,1,11,115,1,26,0,0,0,0
46,0,0,1,0,0,0,0,0,0,0,39,7,4.143476228766491,0,-1,0,0,0,0,0,0,0,0,1
76,0,1,3,0,0,0,0,0,0,0,65,11,4.0807819960085325,0,-1,1,0,1,0,14,0,0,1,0
39,0,1,2,2,0,0,0,0,0,0,31,8,4.262984193710269,0,-1,1,10,5,1,92,1,0,4,0
32,0,1,3,0,0,0,0,0,0,0,25,7,3.819548827786958,0,-1,0,0,0,0,0,0,0,0,1
67,0,1,3,0,0,0,0,0,0,0,58,9,4.414668251441441,0,-1,0,0,0,0,0,0,0,0,1
51,0,1,3,0,0,0,0,0,0,1,40,10,4.444401999165797,0,-1,1,0,0,0,0,0,0,0,1
67,0,0,2,0,0,0,0,0,0,0,58,9,4.277306034756813,1,-1,0,0,0,0,0,0,0,0,1
339,0,2,4,3,0,0,1,0,0,53,268,18,5.940001319988457,0,-1,0,0,0,0,0,0,0,0,1
67,0,1,3,1,0,0,0,0,0,0,55,12,4.139601691100084,0,-1,1,1,0,1,6,0,0,14,1
80,0,1,4,3,0,0,0,0,0,0,67,13,4.4995817701478344,0,-1,1,0,0,0,0,0,0,0,0
47,0,0,2,0,0,0,0,0,0,0,38,9,3.9611026178567625,0,-1,1,3,0,0,6,0,0,0,1
46,0,1,3,1,0,0,0,0,0,4,32,10,4.631832608042798,0,-1,0,0,0,0,0,0,0,0,0
72,0,1,2,5,0,0,0,0,0,5,53,14,4.456616023160489,1,-1,1,34,2,1,11,0,0,3,0
44,0,0,1,3,0,0,0,0,0,0,36,8,4.367633890971211,1,-1,1,0,0,0,0,0,0,0,0
70,0,3,5,2,0,0,0,1,0,17,41,12,4.541634046805434,1,-1,1,0,0,0,0,0,0,0,1
261,0,11,13,0,1,0,0,1,0,48,192,21,5.1702283215035205,0,-1,1,0,0,0,0,0,0,0,1
34,0,1,2,1,0,0,0,0,0,0,28,6,4.0796786498829745,0,-1,1,0,0,0,0,0,0,0,1
275,0,0,3,1,0,0,0,0,0,101,151,23,4.831913819296192,0,-1,1,48,0,0,13,0,0,0,1
81,0,1,2,5,0,0,0,0,0,6,61,14,4.415080523342225,0,-1,0,0,0,0,0,0,0,0,0
43,0,1,2,0,0,0,0,0,0,0,36,7,4.204652545097892,1,-1,1,3,4,1,0,0,0,0,0
34,0,1,2,0,0,0,0,0,0,0,28,6,4.079678649882975,1,-1,1,1,0,0,0,0,0,0,1
20,0,1,2,0,0,0,0,0,0,0,14,6,3.5086949695628413,1,-1,1,10,0,1,9,2,0,0,0
33,0,1,2,0,0,0,0,0,0,1,25,7,4.150158513166728,1,-1,1,0,0,0,77,0,0,0,0
99,0,2,4,8,0,0,1,0,0,1,79,19,4.710455009885623,0,-1,0,0,0,0,0,0,0,0,0
36,0,1,2,1,0,0,0,0,0,0,29,7,4.023141320466082,1,-1,0,0,0,0,0,0,0,0,1
59,0,1,2,0,0,0,0,0,0,0,49,10,4.293683626279561,0,-1,1,0,0,0,0,0,0,0,0
48,0,1,3,0,0,0,0,0,0,6,34,8,4.042481250360578,1,-1,0,0,0,0,0,0,0,0,0
57,0,1,2,0,0,0,0,0,0,0,44,13,4.1835344270007955,0,-1,0,0,0,0,0,0,0,0,0
115,0,0,3,11,0,0,0,0,0,18,77,20,4.584273003685109,0,-1,1,62,20,1,9,0,0,0,0
44,0,3,4,0,0,0,0,0,0,6,29,9,4.115808539574484,0,-1,0,0,0,0,0,0,0,0,1
77,0,0,1,0,0,0,0,0,0,22,48,7,4.736286911708351,0,-1,0,0,0,0,0,0,0,0,1
23,0,0,2,0,0,0,0,0,0,0,18,5,4.001822825622231,0,-1,0,0,0,0,0,0,0,0,0
33,0,1,2,1,0,0,0,1,0,0,27,6,4.043801694853791,0,-1,0,0,0,0,0,0,0,0,1
58,0,0,2,0,0,0,0,0,0,9,42,7,4.929113702352964,1,-1,0,0,0,0,0,0,0,0,1
54,0,1,2,1,0,0,0,0,0,5,39,10,4.388694214926111,0,-1,1,0,0,0,0,0,0,0,0
74,0,1,4,1,0,0,0,0,0,4,55,15,4.545149102168524,1,-1,0,0,0,0,0,0,0,0,0
26,0,1,2,1,0,0,1,0,0,0,19,7,3.8252517372886503,0,-1,0,0,0,0,0,0,0,0,1
51,0,1,3,0,0,0,0,1,0,6,36,9,4.3999968519797115,1,-1,0,0,0,0,0,0,0,0,1
28,0,1,2,0,0,0,0,0,0,0,22,6,3.7979026896829464,1,-1,1,85,22,1,18,1,0,4,0
39,0,1,2,0,0,0,0,0,0,0,32,7,4.150410872541981,0,-1,0,0,0,0,0,0,0,0,1
115,0,1,2,8,0,0,0,0,0,8,89,18,4.456372505426206,1,-1,0,0,0,0,0,0,0,0,0
34,0,1,2,0,0,0,0,1,0,0,29,5,3.852928475043366,0,-1,0,0,0,0,0,0,0,0,0
24,0,1,2,0,0,0,0,0,0,0,18,6,3.7406015629507228,0,-1,0,0,0,0,0,0,0,0,0
132,0,0,1,2,0,0,0,0,0,5,104,23,4.654029137727293,0,-1,0,0,0,0,0,0,0,0,1
72,0,1,2,0,0,0,0,0,0,21,42,9,4.709390063996874,0,-1,0,0,0,0,0,0,0,0,1
56,0,1,3,4,0,0,0,0,0,0,45,11,4.333616975397233,1,-1,0,0,0,0,0,0,0,0,0
67,0,0,1,0,0,0,0,0,0,0,56,11,4.1834180637798974,0,-1,0,0,0,0,0,0,0,0,0
27,0,1,2,0,0,0,0,0,0,0,21,6,3.680089353694807,0,-1,0,0,0,0,0,0,0,0,0
53,0,1,3,1,0,0,1,0,0,0,44,9,4.253600351027017,0,-1,0,0,0,0,0,0,0,0,1
101,0,1,2,1,0,0,0,0,0,11,79,11,5.259040815651282,1,-1,1,0,0,0,0,0,0,0,1
26,0,1,2,0,0,0,0,0,0,0,20,6,3.8441065448145375,1,-1,1,134,13,1,24,0,0,2,0
21,0,0,1,0,0,0,0,1,0,3,13,5,3.748994803525096,0,-1,0,0,0,0,0,0,0,0,1
42,0,1,3,0,0,0,0,0,0,5,28,9,4.282098601752792,0,-1,0,0,0,0,0,0,0,0,0
49,0,0,2,0,0,0,0,0,0,0,40,9,4.200746323397977,0,-1,0,0,0,0,0,0,0,0,1
22,0,1,2,0,0,0,0,0,0,0,16,6,3.663532754804254,0,-1,0,0,0,0,0,0,0,0,0
133,0,0,1,2,0,0,0,0,0,5,105,23,4.643813035890024,1,-1,1,0,0,0,0,0,0,0,1
16,0,0,1,0,0,0,0,0,0,0,11,5,3.452819531114783,1,-1,0,0,0,0,0,0,0,0,1
23,0,1,2,0,0,0,0,0,0,0,18,5,3.8820451081368628,0,-1,0,0,0,0,0,0,0,0,1
42,0,1,2,0,0,0,0,0,0,0,34,8,4.044003363657553,1,-1,1,17,2,0,7,0,0,2,0
31,0,1,2,0,0,0,0,1,0,1,25,5,4.0022680844408445,0,-1,1,6,0,1,7,0,0,0,1
26,0,1,3,0,0,0,0,0,0,0,19,7,3.891995487039019,1,-1,1,43,33,1,55,1,0,12,0
64,0,1,2,1,0,0,0,0,0,0,51,13,4.163702445739504,0,-1,1,0,0,0,0,0,0,0,1
25,0,0,1,0,0,0,0,0,0,3,16,6,3.9736606896881845,1,-1,1,0,0,0,2,0,0,0,0
59,0,1,3,1,0,0,0,0,0,4,45,10,4.440378914958435,0,-1,1,125,534,1,93,0,0,12,0
23,0,1,2,0,0,0,0,0,0,0,17,6,3.849223912390625,0,-1,0,0,0,0,0,0,0,0,0
30,0,1,2,0,0,0,0,1,0,3,22,5,3.9898980954642873,0,-1,1,0,0,0,0,0,0,0,1
61,0,1,2,0,0,0,0,0,0,0,51,10,4.354688723015055,0,-1,0,0,0,0,0,0,0,0,0
30,0,1,2,0,0,0,0,0,0,0,24,6,3.7647351787255054,1,-1,1,7,1,0,27,0,0,1,0
23,0,0,2,0,0,0,0,0,0,0,18,5,4.001822825622231,0,-1,1,129,9,0,53,0,0,0,0
30,0,1,2,0,0,0,0,1,0,1,24,5,3.9232314287976204,0,-1,1,6,0,1,7,0,0,0,1
54,0,0,1,0,0,0,0,0,0,0,47,7,4.0169528460159825,0,-1,1,0,0,0,0,0,0,0,1
47,0,1,3,0,0,0,0,0,0,0,39,8,4.1878052142834346,0,-1,1,0,1,0,2,0,0,0,0
28,0,1,2,1,0,0,0,0,0,0,22,6,4.208966082694624,0,-1,1,2,1,0,4,0,0,0,0
160,0,1,3,1,1,0,0,1,0,16,125,19,5.32226917076085,0,-1,0,0,0,0,0,0,0,0,1
91,0,1,2,5,0,0,0,0,0,8,71,12,4.4907819120827455,1,-1,1,3,26,1,19,0,0,1,0
37,0,1,2,0,0,0,0,0,0,0,31,6,3.9651533651611732,1,-1,1,21,427,1,28,1,0,2,0
41,0,1,2,0,0,0,0,0,0,0,33,8,4.10971640806369,1,-1,0,0,0,0,0,0,0,0,0
27,0,1,2,0,0,0,0,0,0,0,20,7,3.5137847242254345,0,-1,1,12,0,1,18,1,0,0,0
120,0,1,3,0,0,0,0,0,0,8,97,15,4.835120981297359,1,-1,0,0,0,0,0,0,0,0,1
32,0,1,2,0,0,0,0,0,0,0,22,10,4.163909765557392,1,-1,1,7,0,0,6,0,0,0,0
61,0,1,2,4,0,0,0,0,0,0,51,10,4.272779502976538,1,-1,0,0,0,0,0,0,0,0,0
33,0,0,1,0,0,0,0,0,0,0,28,5,3.876838815934793,0,-1,1,1,106,0,6,0,0,1,0
41,0,1,2,1,0,0,0,0,0,0,33,8,4.120257956979046,0,-1,0,0,0,0,0,0,0,0,1
33,0,0,1,0,0,0,0,0,0,0,27,6,3.930609649595924,0,-1,0,0,0,0,0,0,0,0,1
82,0,3,5,3,0,0,0,1,0,9,57,16,4.714829755785918,1,-1,1,0,0,0,0,0,0,0,1
76,0,1,2,1,0,0,0,0,0,0,65,11,4.2754758312997145,0,-1,0,0,0,0,0,0,0,0,1
78,0,1,2,4,0,0,0,0,0,8,55,15,4.658557949765055,1,-1,1,3,44,1,12,0,0,10,0
69,0,1,3,0,0,0,0,0,0,6,51,12,4.614920833213507,0,-1,0,0,0,0,0,0,0,0,0
53,0,3,4,3,0,0,0,1,0,9,33,11,4.187378181134056,1,-1,1,0,0,0,0,0,0,0,1
43,0,0,2,0,0,0,0,0,0,0,35,8,4.078028279096584,1,-1,0,0,0,0,0,0,0,0,1
28,0,1,2,0,0,0,0,0,0,0,22,6,3.9137995646056805,1,-1,0,0,0,0,0,0,0,0,0
155,0,5,7,1,0,0,0,0,0,22,107,26,5.353148239071945,1,-1,0,0,0,0,0,0,0,0,1
135,0,3,8,1,0,0,0,1,0,6,104,25,4.6838154176356745,0,-1,0,0,0,0,0,0,0,0,1
87,0,0,1,1,0,0,0,0,0,19,58,10,4.778726112352516,0,-1,0,0,0,0,0,0,0,0,1
136,0,1,2,1,0,0,0,1,0,13,106,17,5.10586690856993,1,-1,0,0,0,0,0,0,0,0,1
56,0,3,4,3,0,0,0,1,0,0,45,11,3.966686950278607,0,-1,0,0,0,0,0,0,0,0,1
34,0,1,2,0,0,0,0,0,0,0,27,7,3.9620315910594446,1,-1,0,0,0,0,0,0,0,0,0
39,0,1,2,0,0,0,0,0,0,0,32,7,4.057855988582063,1,-1,0,0,0,0,0,0,0,0,0
52,0,1,2,1,0,0,0,0,0,4,39,9,4.38815450741941,0,-1,1,5,21,1,30,1,0,8,0
33,0,1,2,0,0,0,0,0,0,0,26,7,3.9225895736416696,1,-1,1,7,122,1,32,0,0,0,0
50,0,1,3,1,0,0,0,0,0,0,42,8,4.423981820580905,0,-1,0,0,0,0,0,0,0,0,1
203,0,0,8,0,0,0,0,0,0,0,167,36,3.8951092200395285,0,-1,0,0,0,0,0,0,0,0,1
110,0,1,3,1,0,0,0,0,0,4,85,21,4.638807301217827,0,-1,0,0,0,0,0,0,0,0,1
54,0,0,2,0,0,0,0,0,0,0,44,10,4.0739449108085255,0,-1,0,0,0,0,0,0,0,0,1
28,0,1,2,1,0,0,1,0,0,0,21,7,3.8962915290459277,1,-1,1,9,2,1,91,0,0,5,0
31,0,1,2,0,0,0,0,0,0,0,25,6,4.018081793978685,1,-1,0,0,0,0,0,0,0,0,0
29,0,1,3,0,0,0,0,0,0,0,22,7,3.8573068568981284,1,-1,1,1,0,0,0,0,0,0,0
29,0,1,2,0,0,0,0,0,0,1,22,6,4.142295219190902,0,-1,1,0,0,0,6,0,0,0,1
75,0,1,3,0,0,0,0,0,0,19,48,8,4.676212397510889,0,-1,1,0,0,0,0,0,0,0,1
47,0,2,3,2,0,0,0,0,0,0,38,9,4.224727288613426,0,-1,1,112,4,1,14,0,0,2,0
49,0,1,2,1,0,0,1,0,0,0,41,8,4.216152190789069,0,-1,0,0,0,0,0,0,0,0,0
29,0,1,2,0,0,0,0,0,0,0,23,6,3.9262723741395074,0,-1,1,9,0,0,17,0,0,0,0
46,0,1,3,0,0,0,0,0,0,0,38,8,4.197049999347146,1,-1,0,0,0,0,0,0,0,0,1
49,0,1,2,1,0,0,0,0,0,7,33,9,4.319119161352678,0,-1,1,42,0,0,49,2,0,1,1
23,0,1,2,0,0,0,0,0,0,0,17,6,3.849223912390625,0,-1,0,0,0,0,0,0,0,0,1
32,0,1,2,0,0,0,0,0,0,0,25,7,3.8042292966721747,0,-1,1,0,0,0,0,0,0,0,0
30,0,1,2,2,0,0,1,0,0,0,22,8,4.031401845392171,1,-1,0,0,0,0,0,0,0,0,0
32,0,1,2,1,0,0,1,0,0,0,24,8,4.054229296672174,0,-1,0,0,0,0,0,0,0,0,1
31,0,1,2,0,0,0,0,0,0,0,24,7,3.8732358263763285,0,-1,1,19,70,1,56,0,0,2,0
136,0,0,5,0,1,0,0,0,0,25,95,16,4.773569921882376,0,-1,0,0,0,0,0,0,0,0,1
38,0,1,2,2,0,0,1,0,0,0,30,8,4.201231789474708,1,-1,1,5,21,0,10,0,0,39,1
75,0,1,2,0,0,0,0,0,0,2,60,13,4.24524327755577,0,-1,0,0,0,0,0,0,0,0,1
29,0,1,2,1,0,0,1,0,0,0,22,7,4.021268494903765,1,-1,0,0,0,0,0,0,0,0,0
23,0,0,1,0,0,0,0,0,0,0,17,6,3.708132064658602,0,-1,1,0,0,0,1,0,0,0,1
78,0,1,2,3,0,0,0,0,0,1,66,11,4.62092080912983,0,-1,0,0,0,0,0,0,0,0,0
40,0,0,1,0,0,0,0,0,0,1,31,8,3.7149112214500133,0,-1,0,0,0,0,0,0,0,0,0
29,0,1,2,0,0,0,0,0,0,0,23,6,3.71937582241537,0,-1,1,0,0,0,0,0,0,0,1
27,0,1,2,1,0,0,1,0,0,0,19,8,3.9121138909722304,0,-1,0,0,0,0,0,0,0,0,0
66,0,1,2,0,0,0,0,0,0,9,50,7,4.6091053927948105,0,-1,0,0,0,0,0,0,0,0,1
64,0,0,2,0,0,0,0,0,0,0,56,8,4.15599980576557,0,-1,1,7,201,0,9,1,0,0,1
49,0,0,1,1,0,0,1,0,0,0,40,9,4.2928547434383315,1,-1,0,0,0,0,0,0,0,0,1
48,0,1,2,0,0,0,0,0,0,0,40,8,4.262380345401073,1,-1,1,0,0,0,0,0,0,0,0
44,0,1,2,1,0,0,0,0,0,10,26,8,4.618078209349709,1,-1,1,0,0,0,11,0,0,6,1
24,0,1,2,0,0,0,0,0,0,0,18,6,3.6887218755408675,1,-1,0,0,0,0,0,0,0,0,0
21,0,0,2,0,0,0,0,0,0,0,16,5,3.6537567082870006,0,-1,1,2,13,0,27,0,0,1,0
98,0,0,3,1,1,0,0,0,0,0,83,15,4.452264983796034,0,-1,1,0,0,0,0,0,0,0,1
18,0,0,2,0,0,0,0,0,0,0,13,5,3.4613201402110083,0,-1,0,0,0,0,0,0,0,0,0
52,0,1,2,2,0,0,1,0,0,15,26,11,4.391995487039019,0,-1,0,0,0,0,0,0,0,0,1
60,0,1,4,0,0,0,0,0,0,0,51,9,4.025756904931549,0,-1,1,0,0,0,0,0,0,0,0
35,0,1,2,1,0,0,1,1,0,0,27,8,4.022000516883152,1,-1,1,0,0,0,0,0,0,0,0
65,0,1,2,3,0,0,0,0,0,0,55,10,4.258240266868478,0,-1,0,0,0,0,0,0,0,0,0
26,0,1,2,0,0,0,0,0,0,0,20,6,3.8441065448145375,1,-1,0,0,0,0,0,0,0,0,0
73,0,1,2,0,0,0,0,0,0,18,46,9,4.961759620636943,0,-1,0,0,0,0,0,0,0,0,1
35,0,1,2,0,0,0,0,0,0,0,29,6,4.068728288980287,1,-1,1,6,30,0,44,1,0,0,0
38,0,1,3,0,0,0,0,0,0,0,30,8,4.1287347499440905,0,-1,0,0,0,0,0,0,0,0,1
34,0,0,1,0,0,0,0,0,0,0,28,6,3.642774150698464,1,-1,1,0,0,0,0,0,0,0,0
45,0,0,1,0,0,0,0,0,0,5,32,8,4.29686559608929,1,-1,0,0,0,0,0,0,0,0,1
47,0,1,2,0,0,0,0,0,0,0,38,9,4.032272361855623,1,-1,0,0,0,0,0,0,0,0,0
70,0,3,5,0,0,0,0,1,0,11,49,10,4.529093467397183,0,-1,0,0,0,0,0,0,0,0,1
21,0,0,1,0,0,0,0,0,0,1,14,6,3.7256507561120933,0,-1,0,0,0,0,0,0,0,0,0
33,0,2,4,0,0,0,0,0,0,1,24,8,4.043801694853791,0,-1,0,0,0,0,0,0,0,0,1
210,0,0,4,0,0,0,0,0,0,76,118,16,4.612318215621201,0,-1,0,0,0,0,0,0,0,0,1
40,0,0,1,0,0,0,0,0,0,0,33,7,4.212814895472355,1,-1,1,0,0,0,0,0,0,0,1
67,0,1,3,0,0,0,0,0,0,0,57,10,3.98365570579103,0,-1,0,0,0,0,0,0,0,0,1
128,0,3,4,1,0,0,0,0,0,26,83,19,4.853325396222247,1,-1,0,0,0,0,0,0,0,0,1
47,0,0,2,1,1,0,0,0,0,0,36,11,4.169618980830811,0,-1,0,0,0,0,0,0,0,0,1
43,0,1,2,1,0,0,1,0,0,0,34,9,4.257319115016275,0,-1,0,0,0,0,0,0,0,0,1
47,0,0,1,1,0,0,1,1,0,0,38,9,4.149992842507349,1,-1,0,0,0,0,0,0,0,0,1
48,0,1,4,0,0,0,0,0,0,0,40,8,4.008947073809812,0,-1,0,0,0,0,0,0,0,0,1
119,0,0,4,1,1,0,0,0,0,0,101,18,4.4579729912276935,0,-1,0,0,0,0,0,0,0,0,1
105,0,1,5,0,1,0,0,0,0,0,89,16,4.2518499866468025,1,-1,0,0,0,0,0,0,0,0,1
82,0,1,3,5,0,0,0,0,0,8,59,15,4.49240498801119,0,-1,0,0,0,0,0,0,0,0,0
41,0,1,2,1,0,0,0,0,0,1,33,7,4.241102309232295,1,-1,0,0,0,0,0,0,0,0,1
60,0,1,3,1,0,0,0,0,0,2,45,13,4.309416071742446,0,-1,1,9,0,0,9,0,0,0,1
63,0,0,2,0,1,0,0,0,0,0,51,12,4.028281314544827,0,-1,0,0,0,0,0,0,0,0,1
30,0,1,3,0,0,0,0,0,0,0,23,7,4.0062389286533895,1,-1,1,6,3,0,148,0,0,0,0
40,0,1,2,0,0,0,0,0,0,0,33,7,4.184183719779188,0,-1,0,0,0,0,0,0,0,0,0
77,0,1,2,2,0,0,0,0,0,0,64,13,4.47096925530743,0,-1,0,0,0,0,0,0,0,0,1
89,0,0,3,1,0,0,0,0,0,0,76,13,4.256193476992518,0,-1,0,0,0,0,0,0,0,0,1
54,0,1,3,1,0,0,0,0,0,0,45,9,4.2726819462874,0,-1,1,0,0,0,0,0,0,0,0
32,0,0,1,0,0,0,0,0,0,0,25,7,3.9414280318460246,0,-1,0,0,0,0,0,0,0,0,1
30,0,1,2,0,0,0,0,0,0,0,24,6,3.7362434129830606,1,-1,0,0,0,0,0,0,0,0,1
28,0,1,2,0,0,0,0,0,0,1,21,6,3.7264741182543752,0,-1,0,0,0,0,0,0,0,0,0
253,0,0,14,0,0,0,0,0,0,61,144,48,4.97484708316214,0,-1,0,0,0,0,0,0,0,0,1
82,0,1,4,0,0,0,0,1,0,7,63,12,4.40475753669786,0,-1,0,0,0,0,0,0,0,0,1
143,0,1,3,2,0,0,0,0,0,12,108,23,4.887013115282544,0,-1,0,0,0,0,0,0,0,0,0
76,0,2,4,4,0,0,0,0,0,2,60,14,4.673601980657473,0,-1,0,0,0,0,0,0,0,0,1
36,0,1,2,0,0,0,0,1,0,0,30,6,3.894476474750822,0,-1,0,0,0,0,0,0,0,0,0
63,0,0,3,0,0,0,0,0,0,0,53,10,4.163965146396304,0,-1,1,0,0,0,1,0,0,0,1
75,0,1,5,2,0,0,0,0,0,1,60,14,4.322366699272793,1,-1,0,0,0,0,0,0,0,0,1
47,0,0,1,0,0,0,0,0,0,0,40,7,3.8821769594621522,0,-1,1,0,0,0,0,0,0,0,0
67,0,1,2,0,0,0,0,0,0,0,58,9,4.126844184051228,0,-1,0,0,0,0,0,0,0,0,0
66,0,1,3,3,0,0,0,0,0,0,54,12,4.101530303607423,1,-1,0,163,0,1,30,0,0,47,0
110,0,1,2,1,0,0,0,0,0,14,85,11,5.290184432621492,1,-1,1,4,0,1,6,0,1,3,1
82,0,1,2,3,0,0,0,0,0,0,70,12,4.30640471271895,1,-1,0,0,0,0,0,0,0,0,0
31,0,0,2,0,0,0,0,0,0,0,25,6,3.9779168746936358,1,-1,0,0,0,0,0,0,0,0,1
39,0,1,2,0,0,0,0,0,0,0,33,6,4.04106055186274,1,-1,0,0,0,0,0,0,0,0,0
43,0,1,2,1,0,0,0,0,0,0,36,7,4.19325196380317,0,-1,0,0,0,0,0,0,0,0,0
45,0,1,2,0,0,0,0,0,0,0,36,9,4.064323519495731,0,-1,0,0,0,0,0,0,0,0,1
18,0,0,1,0,0,0,0,0,0,1,12,5,3.6416041678685933,0,-1,1,0,0,0,0,0,0,0,1
99,0,1,4,8,0,0,0,0,0,17,63,19,4.828146772051311,0,-1,1,5,417,1,46,0,0,0,0
40,0,1,2,0,0,0,0,0,0,0,34,6,3.915957320949174,0,-1,1,0,0,0,0,0,0,0,0
34,0,1,2,0,0,0,0,0,0,0,28,6,3.8924866505712017,1,-1,0,0,0,0,0,0,0,0,0
27,0,1,2,0,0,0,0,0,0,0,21,6,3.6898916687500076,1,-1,0,0,0,0,0,0,0,0,0
34,0,1,2,2,0,0,1,0,0,0,26,8,3.9176264438733592,0,-1,0,0,0,0,0,0,0,0,0
278,0,1,3,1,0,0,0,0,0,40,224,14,5.856711325068493,0,-1,0,0,0,0,0,0,0,0,1
20,0,0,1,0,0,0,0,0,0,0,15,5,3.6841837197791887,1,-1,0,0,0,0,0,0,0,0,0
43,0,0,1,0,0,0,0,0,0,0,37,6,4.007205452175263,1,-1,0,0,0,0,0,0,0,0,1
552,0,1,5,24,0,0,0,1,0,198,286,68,5.116324093262378,1,-1,0,0,0,0,7,0,0,1,0
34,0,1,2,1,0,0,1,0,0,0,27,7,4.124083797069061,0,-1,0,0,0,0,0,0,0,0,1
118,0,0,3,2,0,0,1,0,0,6,92,20,4.699996232649803,1,-1,0,0,0,0,0,0,0,0,1
22,0,1,2,0,0,0,0,0,0,0,16,6,3.538310595615006,0,-1,0,0,0,0,0,0,0,0,0
53,0,0,2,0,1,0,0,0,0,1,38,14,4.765287435531991,1,-1,0,0,0,0,0,0,0,0,1
102,0,1,3,1,0,0,1,0,0,1,85,16,4.36154589289522,0,-1,0,0,0,0,0,0,0,0,1
22,0,1,2,0,0,0,0,0,0,3,13,6,3.5383105956150054,1,-1,1,0,0,0,0,0,0,0,1
197,0,0,2,0,0,0,0,0,0,80,102,15,4.582814998292606,0,-1,0,0,0,0,0,0,0,0,1
41,0,0,2,0,0,0,0,0,0,0,34,7,3.888312225166194,0,-1,0,0,0,0,0,0,0,0,1
87,0,0,2,1,0,0,0,1,0,23,52,12,4.91268276082449,0,-1,0,0,0,0,0,0,0,0,1
49,0,0,3,0,0,0,0,0,0,2,37,10,4.051375988316682,0,-1,0,0,0,0,0,0,0,0,1
29,0,1,2,1,0,0,0,1,0,2,21,6,4.28022625367366,0,-1,1,25,5,1,18,0,0,3,0
25,0,1,2,0,0,0,0,0,0,0,19,6,3.8332696895151073,1,-1,0,0,0,0,0,0,0,0,0
115,0,1,3,0,0,0,0,0,0,14,85,16,4.659852987995174,0,-1,0,0,0,0,0,0,0,0,0
29,0,1,2,1,0,0,1,0,0,0,22,7,3.9783335811852645,0,-1,0,0,0,0,0,0,0,0,1
27,0,1,2,0,0,0,0,0,0,0,20,7,3.6898916687500076,0,-1,0,0,0,0,0,0,0,0,0
46,0,1,2,1,0,0,0,0,0,0,38,8,4.2924925977289545,1,-1,1,6,431,1,12,1,0,3,0
204,0,1,2,1,0,0,0,1,0,27,162,15,5.6343465785242275,1,-1,1,0,0,0,2,0,0,4,1
40,0,1,2,1,0,0,1,0,0,0,31,9,4.393942707918268,1,-1,1,0,0,0,0,0,0,0,0
104,0,0,4,1,0,0,0,0,0,15,66,23,4.879781763157133,1,-1,0,0,0,0,0,0,0,0,1
69,0,1,3,0,0,0,0,1,0,0,59,10,4.122915950574752,0,-1,0,0,0,0,0,0,0,0,1
49,0,1,3,0,0,0,0,0,0,0,40,9,4.01055966178607,0,-1,0,0,0,0,0,0,0,0,1
20,0,1,2,0,0,0,0,0,0,0,14,6,3.5464393446710147,1,-1,0,0,0,0,0,0,0,0,0
68,0,1,2,0,0,0,0,0,0,16,45,7,4.654728694702977,1,-1,0,0,0,0,0,0,0,0,1
44,0,1,2,3,0,0,0,0,0,0,35,9,4.063387937609557,1,-1,0,0,0,0,0,0,0,0,1
64,0,1,3,1,0,0,0,0,0,0,54,10,4.355337797403417,0,-1,0,0,0,0,0,0,0,0,0
76,0,1,3,1,0,1,0,1,0,0,62,14,4.322243764812241,0,-1,0,0,0,0,0,0,0,0,1
81,0,1,2,0,0,0,0,0,0,24,49,8,4.807589090064196,0,-1,1,0,0,0,0,0,0,0,1
36,0,1,2,0,0,0,0,1,0,0,31,5,4.083274571476652,0,-1,1,6,0,1,7,0,0,0,1
24,0,1,2,0,0,0,0,0,0,0,18,6,3.605388542207534,0,-1,1,10,0,1,8,0,0,0,0
50,0,1,2,0,0,0,0,0,0,3,39,8,4.13998720177651,0,-1,0,0,0,0,0,0,0,0,1
21,0,1,2,0,0,0,0,0,0,0,15,6,3.5585186130489057,1,-1,0,0,0,0,0,0,0,0,0
140,0,1,7,3,0,0,0,0,0,1,119,20,4.824431049310939,0,-1,0,0,0,0,0,0,0,0,1
65,0,1,2,0,0,0,0,0,0,0,53,12,4.322314067428179,1,-1,1,0,0,0,0,0,0,0,0
27,0,1,2,0,0,0,0,0,0,0,21,6,3.9023115759170297,1,-1,1,9,9,1,15,1,1,72,0
20,0,1,2,0,0,0,0,0,0,0,14,6,3.4086949695628412,1,-1,0,0,0,0,0,0,0,0,0
56,0,1,3,0,0,0,0,0,0,0,47,9,4.0833310391293125,0,-1,0,0,0,0,0,0,0,0,0
72,0,1,2,4,0,0,0,1,0,6,55,11,4.559756120999298,0,-1,0,0,0,0,0,0,0,0,0
565,0,1,3,0,0,0,0,0,0,140,412,13,5.592684899363997,0,-1,0,0,0,0,0,0,0,0,1
47,0,1,2,1,0,0,0,0,0,0,38,9,4.016702150879894,0,-1,0,0,0,0,0,0,0,0,0
28,0,1,3,0,0,0,0,0,0,1,20,7,4.012188403968661,0,-1,0,0,0,0,0,0,0,0,1
32,0,1,3,1,0,0,1,0,0,0,24,8,3.8431390622295662,0,-1,1,0,0,0,0,0,0,0,0
33,0,2,3,0,0,0,0,0,0,9,17,7,4.369707376737533,0,-1,0,0,0,0,0,0,0,0,1
43,0,1,2,0,0,0,0,0,0,2,34,7,4.379298475431076,0,-1,0,0,0,0,0,0,0,0,1
154,0,1,2,1,0,0,0,1,0,14,117,23,5.289677755803848,1,-1,1,0,0,0,0,0,0,0,1
31,0,1,2,0,0,0,0,1,0,0,25,6,3.7843684875968617,1,-1,1,15,0,1,14,1,0,6,0
53,0,1,2,1,0,0,1,0,0,2,42,9,4.348308841756336,1,-1,0,0,0,0,0,0,0,0,0
71,0,3,5,2,1,0,0,1,0,6,53,12,4.653789381355884,1,-1,0,0,0,0,0,0,0,0,1
24,0,0,2,0,0,0,0,0,0,0,19,5,3.9182958340544896,0,-1,1,0,0,0,0,0,0,0,0
54,0,1,3,1,0,0,0,0,0,1,45,8,4.017599770161153,0,-1,0,0,0,0,0,0,0,0,0
45,0,0,2,0,0,0,0,0,0,0,36,9,4.352203929326469,0,-1,0,0,0,0,0,0,0,0,0
33,0,1,2,0,0,0,0,0,0,0,26,7,4.0895524525606675,0,-1,0,0,0,0,0,0,0,0,0
32,0,1,2,0,0,0,0,1,0,3,23,6,4.015319531114783,1,-1,1,6,0,1,7,0,0,0,1
82,0,1,2,0,0,0,0,0,0,9,61,12,5.140313742079975,1,-1,0,0,0,0,0,0,0,0,1
38,0,1,2,0,0,0,0,0,0,8,24,6,4.45148902643068,0,-1,0,0,0,0,0,0,0,0,1
62,0,1,2,2,0,0,0,0,0,0,52,10,4.145503318654332,0,-1,0,0,0,0,0,0,0,0,1
102,0,2,4,3,0,0,0,0,0,11,74,17,4.899621299015828,1,-1,0,0,0,0,0,0,0,0,1
126,0,3,4,1,0,0,0,0,0,14,93,19,4.741945083483013,1,-1,0,0,0,0,0,0,0,0,1
44,0,0,2,0,0,0,0,0,0,0,36,8,3.933990357756304,0,-1,0,0,0,0,0,0,0,0,1
34,0,1,2,0,0,0,0,0,0,0,24,10,4.270567620343947,1,-1,0,0,0,0,0,0,0,0,0
88,1,0,5,2,0,0,0,0,0,15,57,16,4.527543058261796,0,-1,0,0,0,0,0,0,0,0,1
31,0,1,2,0,0,0,0,0,0,0,25,6,3.889049535914169,1,-1,0,0,0,0,0,0,0,0,0
60,0,1,3,3,0,0,1,0,0,0,50,10,4.264468304875447,0,-1,1,5,16,1,22,0,0,3,0
48,0,1,3,1,0,0,0,0,0,0,40,8,4.258947073809811,1,-1,0,0,0,0,0,0,0,0,0
61,0,1,2,0,0,0,0,0,0,0,49,12,4.253053789568831,0,-1,1,0,0,0,0,0,0,0,0
20,0,1,2,0,0,0,0,0,0,0,14,6,3.6464393446710153,0,-1,0,0,0,0,0,0,0,0,0
46,0,0,1,1,0,0,1,0,0,0,37,9,4.0480336303846824,1,-1,0,0,0,0,0,0,0,0,1
79,0,2,7,0,1,0,0,1,0,1,64,14,4.302145984006746,1,-1,0,0,0,0,0,0,0,0,1
24,0,1,2,0,0,0,0,0,0,0,18,6,3.4591479170272446,1,-1,0,0,0,0,0,0,0,0,0
44,0,1,3,0,0,0,0,0,0,6,30,8,4.282739857027811,0,-1,0,0,0,0,0,0,0,0,0
41,0,0,1,0,0,0,0,0,0,4,29,8,4.558652309443365,0,-1,1,0,0,0,0,0,0,0,1
49,0,0,2,1,0,0,1,0,0,0,42,7,4.111674323875523,1,-1,0,0,0,0,0,0,0,0,1
27,0,1,2,0,0,0,0,0,0,0,20,7,3.661932872373583,0,-1,0,0,0,0,0,0,0,0,0
42,0,1,2,0,0,0,0,0,0,0,35,7,4.3024498629973955,1,-1,0,0,0,0,0,0,0,0,0
31,0,1,2,0,0,0,0,0,0,0,25,6,3.8087196973440705,0,-1,0,0,0,0,0,0,0,0,0
25,0,1,2,1,0,0,1,0,0,0,18,7,3.943465189601646,1,-1,1,0,0,0,0,0,0,0,0
46,0,0,3,1,0,0,0,0,0,7,29,10,4.466405641207215,0,-1,0,0,0,0,0,0,0,0,1
43,0,1,3,0,0,0,0,0,0,0,35,8,4.058962719365557,0,-1,0,0,0,0,0,0,0,0,0
23,0,1,2,1,0,0,1,0,0,0,16,7,3.7622673906514947,0,-1,0,0,0,0,0,0,0,0,0
56,0,0,1,1,0,0,0,0,0,0,48,8,4.272563191663423,0,-1,0,0,0,0,0,0,0,0,1
24,0,1,2,0,0,0,0,0,0,0,18,6,3.6258145836939115,1,-1,0,0,0,0,0,0,0,0,0
128,0,3,4,1,0,0,0,0,0,22,87,19,4.871819708247708,1,-1,0,0,0,0,0,0,0,0,1
47,0,1,2,1,0,0,1,0,0,0,39,8,4.238114320168548,0,-1,0,0,0,0,0,0,0,0,0
96,0,0,1,1,0,0,0,0,0,0,82,14,4.413153392949714,0,-1,0,0,0,0,0,0,0,0,1
60,0,1,3,0,0,0,0,0,0,0,50,10,4.387966797112397,0,-1,0,0,0,0,0,0,0,0,0
36,0,1,2,0,0,0,0,0,0,0,30,6,4.141604167868593,0,-1,0,0,0,0,0,0,0,0,0
73,0,0,1,1,0,0,0,0,0,0,62,11,4.022227883915711,0,-1,0,0,0,0,0,0,0,0,1
31,0,1,2,0,0,0,0,1,0,0,26,5,4.0022680844408445,1,-1,1,128,0,1,59,2,0,6,0
25,0,1,2,0,0,0,0,0,0,0,19,6,3.6430741894285688,0,-1,0,0,0,0,0,0,0,0,0
28,0,1,2,0,0,0,0,0,0,0,22,6,4.0836169753972325,1,-1,1,14,3,1,12,0,0,0,0
50,0,2,4,0,0,0,0,0,0,0,41,9,4.199079570624174,0,-1,0,0,0,0,0,0,0,0,1
163,0,0,1,1,0,0,0,0,0,20,122,21,5.487155875754186,1,-1,0,0,0,0,0,0,0,0,1
34,0,1,2,0,0,0,0,0,0,0,27,7,4.0796786498829745,0,-1,1,0,0,0,0,0,0,0,1
63,0,1,2,5,0,0,0,0,0,0,51,12,4.266984590772068,0,-1,1,96,1,1,57,0,0,3,0
28,0,1,2,0,0,0,0,0,0,0,20,8,3.7534343861887858,1,-1,1,11,0,1,25,0,0,0,0
22,0,1,3,0,0,0,0,0,0,0,15,7,3.629219686524096,0,-1,0,0,0,0,0,0,0,0,0
18,0,0,2,0,0,0,0,0,0,0,13,5,3.392147223664534,0,-1,0,0,0,0,0,0,0,0,1
59,0,1,2,0,0,0,0,0,0,4,46,9,4.348685533022554,1,-1,1,3,18,0,16,0,0,35,0
60,0,3,5,1,0,0,0,1,0,2,47,11,4.129085753935211,0,-1,1,0,0,0,0,0,0,0,1
27,0,1,2,0,0,0,0,1,0,0,20,7,3.763965742824082,1,-1,0,0,0,0,0,0,0,0,0
22,0,1,2,0,0,0,0,0,0,0,16,6,3.538310595615006,0,-1,1,0,1,0,7,0,0,0,0
44,0,1,3,0,0,0,0,0,0,9,28,7,4.475699516020382,0,-1,0,0,0,0,0,0,0,0,1
41,0,0,2,0,0,0,0,0,0,0,33,8,4.0346536885808275,0,-1,0,0,0,0,0,0,0,0,1
45,0,3,5,0,0,0,0,1,0,0,36,9,3.920096297369663,1,-1,0,0,0,0,0,0,0,0,1
38,0,0,2,0,0,0,0,0,0,0,31,7,4.017535737070862,0,-1,0,0,0,0,0,0,0,0,1
71,0,1,2,2,0,0,0,0,0,6,54,11,4.481047655912358,0,-1,0,0,0,0,0,0,0,0,1
82,0,1,3,0,0,0,0,0,0,3,65,14,4.342010621725586,0,-1,0,0,0,0,0,0,0,0,0
29,0,1,2,0,0,0,0,0,0,0,23,6,3.762310736133871,1,-1,0,0,0,0,0,0,0,0,0
48,0,1,2,0,0,0,0,0,0,0,42,6,4.280187698990102,1,-1,0,0,0,0,0,0,0,0,1
51,0,1,3,1,0,0,0,0,0,7,34,10,4.3048056172292535,0,-1,1,37,0,0,14,1,0,0,0
29,0,0,1,0,0,0,0,0,0,0,24,5,3.6715543759356177,1,-1,1,4,2,1,10,0,0,0,0
25,0,1,2,1,0,0,1,0,0,0,18,7,3.563074189428569,0,-1,1,171,0,1,39,2,1,0,0
41,0,1,2,0,0,0,0,0,0,0,34,7,4.387443772646929,1,-1,0,0,0,0,0,0,0,0,0
59,0,1,2,4,0,0,0,0,0,8,40,11,4.403249616901768,0,-1,1,28,533,1,97,2,0,5,0
91,0,0,2,1,0,0,0,0,0,27,53,11,4.79290329461286,0,-1,0,0,0,0,0,0,0,0,1
23,0,1,2,0,0,0,0,0,0,0,17,6,3.4357554339416274,1,-1,0,0,0,0,0,0,0,0,0
39,0,1,4,0,0,0,0,0,0,1,29,9,4.079772731460867,0,-1,0,0,0,0,0,0,0,0,1
48,0,0,1,0,0,0,0,0,0,0,41,7,3.996653522439333,1,-1,0,0,0,0,0,0,0,0,1
102,0,0,1,1,0,0,0,0,0,20,70,12,4.585580221161115,0,-1,0,0,0,0,0,0,0,0,1
76,0,3,4,1,0,0,0,0,0,8,58,10,4.409893507236863,0,-1,1,0,0,0,0,0,0,0,1
41,0,0,2,1,0,0,0,0,0,0,33,8,4.241102309232295,0,-1,1,0,0,0,0,0,0,0,1
33,0,0,2,0,0,0,0,0,0,0,27,6,3.9225895736416696,0,-1,0,0,0,0,0,0,0,0,0
102,0,0,1,1,0,0,0,0,0,16,74,12,4.452721211511182,0,-1,0,0,0,0,0,0,0,0,1
57,0,1,2,0,0,0,0,0,0,0,49,8,4.1316990157309155,1,-1,0,0,0,0,0,0,0,0,1
75,0,1,2,2,0,0,0,0,0,23,43,9,4.900168817272618,0,-1,0,0,0,0,0,0,0,0,1
30,0,1,2,1,0,0,0,1,0,0,23,7,3.9898980954642873,1,-1,0,0,0,0,0,0,0,0,1
167,0,1,2,0,0,0,0,0,0,20,139,8,5.513755907293088,0,-1,0,0,0,0,0,0,0,0,1
105,0,0,2,1,0,0,0,0,0,5,84,16,4.728499533048555,0,-1,0,0,0,0,0,0,0,0,1
126,0,3,4,1,0,0,0,0,0,16,92,18,4.753007758905342,0,-1,1,0,0,0,0,0,0,0,1
22,0,1,2,0,0,0,0,0,0,0,16,6,3.663532754804254,0,-1,0,0,0,0,0,0,0,0,0
49,0,1,2,1,0,0,0,0,0,0,40,9,4.165858446978658,0,-1,0,0,0,0,0,0,0,0,0
80,0,3,6,2,1,0,0,1,0,8,54,18,4.727890051478965,1,-1,0,0,0,0,0,0,0,0,1
33,0,1,2,0,0,0,0,0,0,7,19,7,4.369707376737533,0,-1,1,0,0,0,0,0,0,0,0
17,0,1,2,0,0,0,0,0,0,0,11,6,3.2927701939369904,0,-1,0,0,0,0,0,0,0,0,0
69,0,6,7,0,0,0,0,0,0,4,54,11,4.309176950714095,0,-1,0,0,0,0,0,0,0,0,1
201,0,0,2,0,0,0,0,0,0,84,103,14,4.849559976003037,0,-1,0,0,0,0,0,0,0,0,1
44,0,1,3,2,0,0,0,0,0,0,35,9,3.8742360285951514,0,-1,0,0,0,0,0,0,0,0,1
68,0,2,5,0,1,0,0,0,0,0,56,12,4.338788349771154,1,-1,0,0,0,0,0,0,0,0,1
26,0,1,2,0,0,0,0,0,0,0,20,6,3.9500637564362093,1,-1,1,49,0,1,25,2,0,2,0
54,0,1,2,2,0,0,0,0,0,5,40,9,4.53684236307426,0,-1,0,0,0,0,0,0,0,0,1
27,0,1,2,0,0,0,0,0,0,0,21,6,3.810081020521731,0,-1,1,10,169,1,31,1,0,0,0
26,0,1,2,0,0,0,0,1,0,0,21,5,3.7483286603655737,0,-1,1,6,0,1,7,0,0,0,1
100,0,0,1,1,0,0,0,0,0,5,81,14,4.475274166548139,0,-1,0,0,0,0,0,0,0,0,1
37,0,1,2,1,0,0,1,0,0,0,30,7,3.8951509201400127,1,-1,1,0,57,1,11,0,0,0,0
33,0,2,3,0,0,0,0,0,0,9,17,7,4.248495255525412,0,-1,0,0,0,0,0,0,0,0,1
33,0,1,2,0,0,0,0,0,0,0,26,7,4.051821770808045,1,-1,1,0,0,0,83,0,0,0,0
129,0,0,2,1,0,0,0,0,0,3,103,23,5.238177620161939,1,-1,0,0,0,0,0,0,0,0,1
24,0,1,2,0,0,0,0,0,0,0,18,6,3.855388542207534,1,-1,0,0,0,0,0,0,0,0,0
51,0,1,3,0,0,0,0,0,0,0,42,9,4.122708431389979,1,-1,1,0,0,0,0,0,0,0,1
28,0,1,3,0,0,0,0,0,0,0,21,7,4.056656707462824,1,-1,1,36,276,0,20,1,0,0,0
39,0,1,2,0,0,0,0,0,0,0,32,7,3.9552918860179607,0,-1,1,39,9,1,24,1,0,0,0
43,0,1,3,1,0,0,1,0,0,0,34,9,3.949893976670376,0,-1,0,0,0,0,0,0,0,0,1
23,0,0,2,0,0,0,0,0,0,0,16,7,3.5342190211803413,0,-1,0,0,0,0,0,0,0,0,0
32,0,1,2,0,0,0,0,1,0,1,25,6,4.093139062229566,0,-1,1,0,0,0,0,0,0,0,0
18,0,0,1,0,0,0,0,0,0,0,13,5,3.419381945646371,1,-1,1,1,0,0,14,1,0,0,0
105,0,1,3,1,0,0,0,0,0,30,64,11,5.005453346213149,0,-1,0,0,0,0,0,0,0,0,1
31,0,1,2,0,0,0,0,0,0,0,25,6,3.9134007456613777,1,-1,0,0,0,0,0,0,0,0,0
39,0,1,2,0,0,0,0,0,0,0,32,7,3.8814307444478007,1,-1,0,0,0,0,0,0,0,0,0
23,0,1,2,0,0,0,0,1,0,0,17,6,3.8164027166443875,1,-1,0,0,0,0,0,0,0,0,0
33,0,0,1,0,0,0,0,0,0,0,27,6,3.7834959231633984,1,-1,0,0,0,0,0,0,0,0,0
53,0,1,3,3,0,0,0,0,0,0,43,10,4.117387502935062,0,-1,0,0,0,0,0,0,0,0,0
38,0,2,3,0,0,0,0,0,0,0,31,7,4.1615008683082095,1,-1,0,0,0,0,0,0,0,0,0
47,0,0,1,0,0,0,0,0,0,5,35,7,4.738322298984016,1,-1,0,0,0,0,0,0,0,0,1
26,0,1,2,1,0,0,1,0,0,0,19,7,3.5944825065194195,0,-1,0,0,0,0,0,0,0,0,0
21,0,0,1,0,0,0,0,0,0,0,17,4,3.6537567082870006,0,-1,0,0,0,0,0,0,0,0,0
29,0,1,2,0,0,0,0,1,0,2,22,5,3.978333581185264,0,-1,1,0,0,0,0,0,0,0,1
30,0,1,2,1,0,0,1,1,0,0,23,7,3.8729055953200566,1,-1,1,5,2,1,10,2,0,0,0
30,0,1,2,0,0,0,0,0,0,0,24,6,3.9898980954642873,0,-1,0,0,0,0,0,0,0,0,0
72,0,1,2,3,0,0,0,0,0,2,58,12,4.347697786497342,0,-1,1,21,0,0,63,1,0,12,0
114,0,1,3,10,0,0,0,0,0,6,89,19,4.432229685845145,1,-1,1,25,2,1,29,0,0,5,0
54,0,1,3,2,0,0,0,0,0,0,44,10,4.094725641205237,0,-1,0,0,0,0,0,0,0,0,0
107,0,0,3,1,1,0,0,0,0,0,86,21,4.5314871471759535,0,-1,0,0,0,0,0,0,0,0,1
24,0,1,2,0,0,0,0,0,0,0,18,6,3.855388542207534,0,-1,0,0,0,0,0,0,0,0,0
31,0,1,2,0,0,0,0,0,0,0,25,6,3.9779168746936353,0,-1,0,0,0,0,0,0,0,0,0
18,0,0,1,0,0,0,0,0,0,0,13,5,3.3082708345352603,1,-1,1,8,21,1,36,1,0,0,0
37,0,0,2,0,0,0,0,0,0,0,30,7,4.0202641764397615,1,-1,0,0,0,0,0,0,0,0,1
54,0,0,2,1,0,0,0,0,0,0,45,9,4.120835077024071,0,-1,1,0,0,0,0,0,0,0,1
26,0,1,2,0,0,0,0,0,0,3,17,6,3.9500637564362093,1,-1,1,35,164,1,9,0,1,21,0
35,0,0,1,0,0,0,0,0,0,0,30,5,3.911306145999517,1,-1,0,0,0,0,0,0,0,0,1
48,0,1,3,0,0,0,0,0,0,6,34,8,4.016541406655651,1,-1,0,0,0,0,0,0,0,0,0
24,0,1,2,0,0,0,0,0,0,0,18,6,3.740601562950723,1,-1,1,14,3,0,18,2,0,5,0
29,0,1,2,0,0,0,0,0,0,0,23,6,3.857306856898129,1,-1,1,109,0,1,39,2,0,0,0
22,0,1,2,0,0,0,0,0,0,0,16,6,3.5726236638951634,0,-1,0,0,0,0,0,0,0,0,0
32,0,0,1,0,0,0,0,0,0,0,27,5,3.7386085007312415,1,-1,0,0,0,0,0,0,0,0,1
70,0,0,2,2,0,0,0,0,0,0,61,9,4.377208689600764,0,-1,1,0,1,0,2,0,0,0,0
42,0,1,2,0,0,0,0,0,0,0,34,8,4.064354624902157,1,-1,0,0,0,0,0,0,0,0,0
79,0,1,3,5,0,0,0,0,0,5,60,14,4.51443585657848,0,-1,0,0,0,0,0,0,0,0,0
37,0,0,2,0,0,0,0,0,0,0,29,8,3.8179954344028957,0,-1,1,0,0,0,0,0,0,0,1
54,0,1,2,1,0,0,0,0,0,13,32,9,4.587858798299508,0,-1,0,0,0,0,0,0,0,0,1
72,0,1,2,7,0,0,1,0,0,0,57,15,4.187132212342207,0,-1,1,0,0,0,0,0,0,0,0
24,0,0,1,0,0,0,0,0,0,0,19,5,3.709147917027245,0,-1,0,0,0,0,0,0,0,0,1
58,0,1,3,3,0,0,0,0,0,0,48,10,4.120598995636049,0,-1,1,19,0,1,10,0,0,21,0
50,0,1,3,0,0,0,0,0,0,0,41,9,4.003590820407827,1,-1,1,0,0,0,0,0,0,0,0
41,0,0,1,0,0,0,0,0,0,1,33,7,4.704993772857998,0,-1,0,0,0,0,0,0,0,0,0
59,0,1,2,3,0,0,0,1,0,4,43,12,4.427584211531937,1,-1,1,0,0,0,0,0,0,0,0
51,0,1,3,2,0,0,0,0,0,1,40,10,4.1923480193173,0,-1,0,0,0,0,0,0,0,0,0
27,0,1,2,0,0,0,0,0,0,0,21,6,3.8561962982193805,0,-1,0,0,0,0,0,0,0,0,0
41,0,1,3,1,0,0,0,0,0,7,25,9,4.473048041045146,0,-1,0,0,0,0,0,0,0,0,0
41,0,1,3,0,0,0,0,0,0,0,32,9,4.250623273270421,1,-1,0,0,0,0,0,0,0,0,0
61,0,0,2,0,0,0,0,1,0,0,51,10,4.0864177725789865,0,-1,1,0,0,0,0,0,0,0,1
49,0,0,1,1,0,0,0,0,0,0,42,7,4.027476425527099,0,-1,1,0,0,0,0,0,0,0,1
26,0,1,2,0,0,0,0,0,0,2,18,6,3.9500637564362093,0,-1,0,0,0,0,0,0,0,0,1
45,0,1,3,0,0,0,0,0,0,7,29,9,4.320096297369663,0,-1,1,22,2,1,14,0,0,0,0
52,0,1,3,0,0,0,0,0,0,2,40,10,4.635361295347743,0,-1,0,0,0,0,0,0,0,0,1
26,0,1,2,0,0,0,0,0,0,0,20,6,3.584303179346712,0,-1,1,9,40,0,15,0,0,0,0
69,0,3,5,3,0,0,0,1,0,0,55,14,4.067799819814767,0,-1,0,0,0,0,0,0,0,0,1
25,0,1,2,0,0,0,0,0,0,0,19,6,3.6234651896016463,0,-1,0,0,0,0,0,0,0,0,0
25,0,1,2,0,0,0,0,0,0,0,19,6,3.5434651896016462,1,-1,0,0,0,0,0,0,0,0,0
21,0,1,2,0,0,0,0,0,0,0,15,6,3.653756708287001,1,-1,0,0,0,0,0,0,0,0,0
73,0,1,2,5,0,0,0,0,0,11,46,16,4.505332957363194,0,-1,0,0,0,0,0,0,0,0,0
26,0,1,2,0,0,0,0,0,0,0,20,6,3.921029621737614,1,-1,0,0,0,0,0,0,0,0,0
144,0,1,2,2,0,0,0,1,0,6,119,19,5.144674915803757,1,-1,1,0,0,1,34,0,0,0,1
51,0,3,4,2,0,0,0,1,0,6,35,10,4.395574058074168,1,-1,0,0,0,0,0,0,0,0,1
35,0,1,2,2,0,0,0,0,0,0,27,8,4.085588016574085,0,-1,0,0,0,0,0,0,0,0,0
48,0,1,3,3,0,0,1,0,0,0,37,11,3.965199876515855,0,-1,1,0,0,0,0,0,0,0,1
47,0,1,2,2,0,0,0,0,0,0,38,9,4.153007937189823,1,-1,0,0,0,0,0,0,0,0,0
38,0,1,3,1,0,0,0,0,0,0,30,8,4.083067973799101,0,-1,0,0,0,0,0,0,0,0,1
40,0,3,4,0,0,0,0,1,0,5,28,7,4.215311532225101,1,-1,1,0,0,0,0,0,0,0,1
49,0,1,3,0,0,0,0,0,0,1,41,7,4.050848813848051,0,-1,1,25,19,1,27,2,0,0,0
15,0,0,1,0,0,0,0,0,0,0,11,4,3.373557262275185,0,-1,0,0,0,0,0,0,0,0,0
40,0,1,2,0,0,0,0,0,0,0,33,7,4.084183719779189,0,-1,0,0,0,0,0,0,0,0,0
38,0,3,4,0,0,0,0,0,0,1,29,8,4.135699552746469,0,-1,0,0,0,0,0,0,0,0,1
26,0,1,2,0,0,0,0,0,0,0,20,6,3.6423714487439023,0,-1,0,0,0,0,0,0,0,0,0
52,0,2,4,0,0,0,0,0,0,0,43,9,3.8709122583378752,0,-1,0,0,0,0,0,0,0,0,0
26,0,1,2,0,0,0,0,0,0,0,20,6,3.661226256269789,0,-1,0,0,0,0,0,0,0,0,0
34,0,1,2,0,0,0,0,0,0,3,25,6,4.035273502696889,0,-1,0,0,0,0,0,0,0,0,1
20,0,0,1,0,0,0,0,0,0,2,13,5,3.9841837197791885,0,-1,0,0,0,0,0,0,0,0,1
61,0,1,3,0,0,0,0,0,0,4,45,12,4.344329141937196,0,-1,0,0,0,0,0,0,0,0,1
46,0,1,2,0,0,0,0,1,0,0,40,6,4.033794020992213,0,-1,0,0,0,0,0,0,0,0,0
24,0,1,2,0,0,0,0,0,0,0,18,6,3.772055208874201,1,-1,0,0,0,0,0,0,0,0,0
124,0,3,4,1,0,0,0,0,0,18,88,18,4.790406343960727,0,-1,0,0,0,0,0,0,0,0,1
36,0,1,2,0,0,0,0,0,0,0,30,6,4.461320140211007,1,-1,0,0,0,0,0,0,0,0,0
29,0,1,2,0,0,0,0,0,0,0,23,6,3.762310736133871,1,-1,1,13,0,0,8,0,0,0,0
44,0,1,2,0,0,0,0,0,0,0,34,10,4.278200517477363,0,-1,1,10,5,1,9,0,0,0,0
56,0,1,2,0,0,0,0,0,0,0,46,10,4.3183535294637805,1,-1,1,0,0,0,0,0,0,0,0
43,0,0,1,1,0,0,0,0,0,0,34,9,4.146740335896194,0,-1,0,0,0,0,0,0,0,0,1
189,0,5,6,1,0,0,0,0,0,37,128,24,4.951359051663897,0,-1,0,0,0,0,0,0,0,0,1
19,0,1,2,0,0,0,0,0,0,0,13,6,3.4316235658474303,1,-1,1,380,0,1,64,1,1,1,0
87,0,1,2,7,0,0,0,0,0,6,66,15,4.484546479669375,1,-1,0,0,0,0,0,0,0,0,0
37,0,1,2,0,0,0,0,0,0,0,29,8,3.7843437452721784,0,-1,1,53,0,1,17,1,0,13,1
44,0,0,1,2,0,0,0,0,0,0,37,7,4.0360409258397825,1,-1,1,28,50,1,53,0,0,5,0
76,0,3,4,1,0,0,0,0,0,9,57,10,4.55391345575669,0,-1,0,0,0,0,0,0,0,0,1
45,0,1,2,0,0,0,0,0,0,0,38,7,4.224751985026255,1,-1,1,3,2,1,7,0,0,1,0
47,0,0,1,1,0,0,0,1,0,0,39,8,4.317589585987901,0,-1,0,0,0,0,0,0,0,0,1
26,0,0,1,0,0,0,0,1,0,0,20,6,3.8252517372886508,0,-1,0,0,0,0,0,0,0,0,1
147,0,1,2,0,0,0,0,0,0,36,97,14,4.799284347961595,0,-1,0,0,0,0,0,0,0,0,1
128,0,3,4,1,0,0,0,0,0,16,93,19,4.700430099623514,1,-1,0,0,0,0,0,0,0,0,1
42,0,3,4,0,0,0,0,0,0,0,35,7,4.159592720140252,0,-1,0,0,0,0,0,0,0,0,1
29,0,0,1,1,0,0,1,0,0,0,21,8,3.715932185515029,0,-1,0,0,0,0,0,0,0,0,1
16,0,0,1,0,0,0,0,0,0,0,12,4,3.452819531114783,0,-1,0,0,0,0,0,0,0,0,0
210,0,0,2,0,0,0,0,0,0,76,117,17,4.6729212403184945,1,-1,1,0,0,0,0,0,0,0,1
29,0,1,2,0,0,0,0,0,0,1,22,6,3.9952378913808873,1,-1,0,0,0,0,0,0,0,0,1
36,0,0,2,0,0,0,0,0,0,1,27,8,3.9375770020923038,0,-1,0,0,0,0,0,0,0,0,1
31,0,1,2,1,0,0,0,0,0,0,25,6,4.039211536948156,0,-1,1,61,0,0,30,0,0,0,0
30,0,1,2,0,0,0,0,0,0,0,25,5,3.923231428797621,1,-1,0,0,0,0,0,0,0,0,0
133,0,1,2,12,0,0,0,0,0,8,102,23,4.584145045631968,1,-1,1,0,0,0,0,0,0,0,0
72,0,0,1,6,0,0,0,0,0,6,52,14,4.325021007875938,0,-1,0,0,0,0,0,0,0,0,0
47,0,1,2,1,0,0,0,0,0,0,38,9,4.34758766118401,1,-1,0,0,0,0,0,0,0,0,0
43,0,1,2,0,0,0,0,0,0,0,35,8,4.106984383697434,0,-1,1,17,0,1,9,0,0,0,0
59,0,1,3,0,0,0,0,0,0,0,50,9,4.363172871535662,0,-1,0,0,0,0,0,0,0,0,0
17,0,0,1,0,0,0,0,0,0,0,12,5,3.572469458770136,1,-1,1,6,216,1,42,1,0,4,0
42,0,1,2,0,0,0,0,1,0,0,37,5,4.127569435189146,0,-1,0,0,0,0,0,0,0,0,1
23,0,1,2,0,0,0,0,0,0,0,17,6,3.6753108689123644,0,-1,1,17,248,1,52,2,0,0,0
83,0,0,3,1,0,0,0,0,0,1,68,14,4.31204815746638,0,-1,0,0,0,0,0,0,0,0,1
44,0,1,2,1,0,0,0,0,0,0,36,8,3.9994581877844,0,-1,0,0,0,0,0,0,0,0,0
54,0,1,2,2,0,0,0,0,0,5,39,10,4.43786128959377,0,-1,1,31,91,1,47,0,0,2,0
52,0,3,5,0,0,0,0,1,0,4,39,9,4.303724516543195,0,-1,0,0,0,0,0,0,0,0,1
44,0,1,2,0,0,0,0,0,0,0,36,8,4.297626721392666,0,-1,0,0,0,0,0,0,0,0,1
53,0,3,5,1,0,0,0,1,0,9,33,11,4.280202417710358,0,-1,1,0,0,0,0,0,0,0,1
159,0,0,2,0,0,0,0,0,0,43,100,16,4.917410844470601,0,-1,1,0,0,0,0,0,0,0,1
25,0,1,2,0,0,0,0,0,0,0,19,6,3.863465189601646,0,-1,0,0,0,0,0,0,0,0,0
85,0,1,2,7,0,0,0,0,0,8,60,17,4.471707885254594,1,-1,1,16,31,1,13,0,0,16,0
70,0,0,1,3,0,0,0,0,0,8,52,10,4.590017217489901,0,-1,1,72,24,1,89,0,0,2,0
97,0,1,3,1,0,0,0,0,0,4,79,14,4.493789714291881,1,-1,1,0,0,0,0,0,0,0,0
36,0,0,1,1,0,0,0,0,0,0,29,7,4.048688113203415,0,-1,1,5,48,1,23,0,1,8,0
45,0,1,2,0,0,0,0,0,0,0,37,8,4.143607886039516,1,-1,1,0,0,0,0,0,0,0,0
81,0,1,2,0,0,0,0,0,0,21,52,8,4.771112319170577,0,-1,1,0,0,0,0,0,0,0,1
126,0,3,4,1,0,0,0,0,0,15,93,18,4.7008103025168735,0,-1,1,0,0,0,0,0,0,0,1
32,0,0,2,0,0,0,0,0,0,0,25,7,3.765319531114783,0,-1,0,0,0,0,0,0,0,0,1
34,0,0,1,1,0,0,1,0,0,0,26,8,4.091159812399539,1,-1,0,0,0,0,0,0,0,0,1
55,0,1,2,4,0,0,0,0,0,1,42,12,4.177017332478704,1,-1,0,0,0,0,0,0,0,0,0
49,0,1,3,0,0,0,0,0,0,0,42,7,4.499828405684786,0,-1,0,0,0,0,0,0,0,0,1
96,0,0,3,0,0,0,0,0,0,11,68,17,5.022593366144261,1,-1,0,0,0,0,0,0,0,0,1
112,0,1,3,0,0,0,0,0,0,13,80,19,4.624687596680645,0,-1,0,0,0,0,0,0,0,0,0
29,0,1,2,0,0,0,0,0,0,3,20,6,4.1162646156680225,1,-1,0,0,0,0,0,0,0,0,1
67,0,0,1,0,0,0,0,0,0,4,53,10,4.800507287182081,0,-1,0,0,0,0,0,0,0,0,1
28,0,1,2,0,0,0,0,0,0,0,22,6,3.869331261111518,1,-1,1,14,138,1,43,0,0,0,0
37,0,1,3,0,0,0,0,0,0,0,30,7,3.9723064058771302,0,-1,0,0,0,0,0,0,0,0,0
43,0,1,2,0,0,0,0,0,0,0,37,6,4.045239685277583,0,-1,0,0,0,0,0,0,0,0,0
202,0,0,1,4,0,0,0,0,0,36,148,18,5.6048627996298235,0,-1,0,0,0,0,0,0,0,0,1
34,0,1,2,0,0,0,0,0,0,1,25,8,3.768965152329444,0,-1,0,0,0,0,0,0,0,0,1
92,0,1,3,0,0,0,0,1,0,4,72,16,4.506097483963487,1,-1,0,0,0,0,0,0,0,0,0
50,0,1,3,0,0,0,0,0,0,1,39,10,4.233269689515107,1,-1,1,193,1,1,18,1,0,4,0
44,0,0,2,0,0,0,0,0,0,0,38,6,4.0411673460484785,1,-1,0,0,0,0,0,0,0,0,1
113,0,1,3,0,0,0,0,0,0,18,82,13,5.253516851999272,0,-1,0,0,0,0,0,0,0,0,1
126,0,3,4,1,0,0,0,0,0,22,86,18,4.7524362769881074,0,-1,0,0,0,0,0,0,0,0,1
23,0,1,2,0,0,0,0,0,0,0,17,6,3.7622673906514947,1,-1,1,7,131,1,14,1,0,0,0
78,0,1,3,0,0,0,0,0,0,13,49,16,4.645817969512606,0,-1,1,0,0,0,0,0,0,0,0
86,0,1,3,1,0,0,0,0,0,5,69,12,5.150118173750302,1,-1,0,0,0,0,0,0,0,0,1
260,0,0,6,0,0,0,0,0,0,38,209,13,5.845528108454808,1,-1,0,0,0,0,0,0,0,0,1
46,0,1,2,0,0,0,0,0,0,0,40,6,4.074191641642728,0,-1,1,4,0,0,15,0,0,0,0
36,0,1,2,0,0,0,0,0,0,0,29,7,4.2390979179887855,0,-1,1,0,0,0,0,0,0,0,0
49,0,1,2,2,0,0,0,1,0,1,38,10,4.00799441649887,1,-1,1,2,0,0,8,0,0,1,0
29,0,1,2,0,0,0,0,1,0,0,24,5,4.030394788231021,0,-1,0,0,0,0,0,0,0,0,0
39,0,1,3,0,0,0,0,0,0,0,32,7,3.935935796218897,0,-1,0,0,0,0,0,0,0,0,0
81,0,1,3,5,0,0,0,0,0,0,68,13,4.246913309768391,0,-1,0,0,0,0,0,0,0,0,0
69,0,1,2,0,0,0,0,0,0,18,43,8,4.569205624769985,0,-1,0,0,0,0,0,0,0,0,1
30,0,1,2,0,0,0,0,0,0,6,18,6,3.7110804962442776,0,-1,0,0,0,0,0,0,0,0,1
22,0,0,1,0,0,0,0,0,0,0,18,4,3.51602764126623,0,-1,0,0,0,0,0,0,0,0,0
68,0,3,4,7,0,0,0,1,0,6,47,15,4.532100806061252,1,-1,0,0,0,0,0,0,0,0,1
33,0,1,2,0,0,0,0,0,0,0,27,6,3.9801694078807643,0,-1,1,11,23,1,11,0,0,0,0
72,0,2,5,4,0,0,0,0,0,16,39,17,4.774043147775398,0,-1,0,0,0,0,0,0,0,0,0
66,0,1,5,0,1,0,0,0,0,0,54,12,4.370098763843032,0,-1,0,0,0,0,0,0,0,0,1
28,0,1,2,0,0,0,0,0,0,0,22,6,3.8154107252426988,0,-1,1,0,0,0,0,0,0,0,0
45,0,0,1,2,0,0,1,0,0,0,38,7,3.7641062971773547,0,-1,1,0,19,0,10,0,0,0,1
38,0,1,3,0,0,0,0,0,0,1,27,10,3.9182084341546157,0,-1,1,0,0,0,0,0,0,0,1
69,0,1,2,1,0,0,0,0,0,10,50,9,4.733251225045109,0,-1,1,0,0,0,0,0,0,0,1
126,0,1,2,1,0,0,0,0,0,0,115,11,4.981327767236151,1,-1,0,0,0,0,0,0,0,0,1
76,0,1,3,7,0,0,1,0,0,0,62,14,4.257814857545929,0,-1,0,0,0,0,0,0,0,0,0
32,0,1,2,0,0,0,0,1,0,4,23,5,4.038909765557392,1,-1,0,0,0,0,0,0,0,0,1
39,0,1,2,0,0,0,0,0,0,0,33,6,4.04106055186274,1,-1,1,237,110,1,23,19,0,0,0
172,0,0,6,1,0,0,0,0,0,43,108,21,5.445221642029346,0,-1,0,0,0,0,0,0,0,0,1
34,0,1,2,4,0,0,1,0,0,0,24,10,4.219528282299547,0,-1,0,0,0,0,0,0,0,0,1
20,0,1,2,0,0,0,0,0,0,0,14,6,3.446439344671015,0,-1,0,0,0,0,0,0,0,0,0
404,0,0,2,1,0,0,0,0,0,49,340,15,5.1300843268452585,0,-1,0,0,0,0,0,0,0,0,1
39,0,0,2,0,0,1,0,0,0,0,32,7,4.028490680178816,0,-1,0,0,0,0,0,0,0,0,1
49,0,0,2,0,0,0,0,0,0,0,41,8,4.142486058657705,0,-1,0,0,0,0,0,0,0,0,1
102,0,0,1,1,0,0,0,0,0,23,67,12,4.653509504429943,0,-1,0,0,0,0,0,0,0,0,1
100,0,1,3,1,0,0,0,0,0,23,64,13,4.743563380781242,0,-1,0,0,0,0,0,0,0,0,1
236,0,0,2,1,0,0,0,0,0,88,126,22,4.920545178460931,0,-1,0,0,0,0,0,0,0,0,1
56,0,1,2,2,0,0,0,0,0,0,47,9,4.209427360354675,0,-1,0,0,0,0,0,0,0,0,0
103,0,1,3,0,0,0,0,0,0,0,87,16,4.169904854763321,0,-1,0,0,0,0,0,0,0,0,0
55,0,1,2,1,0,0,0,1,0,0,47,8,4.165107840986821,0,-1,0,0,0,0,0,0,0,0,0
56,0,1,2,0,0,0,0,0,0,0,47,9,4.179475288865994,1,-1,0,0,0,0,0,0,0,0,0
43,0,1,2,0,0,0,0,0,0,0,37,6,3.695884011526128,0,-1,0,0,0,0,0,0,0,0,1
19,0,1,2,0,0,0,0,0,0,0,13,6,3.2866294867861954,0,-1,0,0,0,0,0,0,0,0,0
38,0,1,2,0,0,0,0,0,0,0,30,8,4.238334671954105,1,-1,1,0,0,0,0,0,0,0,0
39,0,0,2,0,0,1,0,0,0,0,31,8,4.131054782742918,0,-1,0,0,0,0,0,0,0,0,1
51,0,1,2,3,0,0,0,0,0,0,41,10,4.107906715661284,0,-1,0,0,0,0,0,0,0,0,0
132,0,1,3,0,0,0,0,0,0,6,113,13,5.356460361874999,1,-1,0,0,0,0,0,0,0,0,1
68,0,0,2,0,0,0,0,0,0,24,35,9,4.745047951321749,0,-1,0,0,0,0,0,0,0,0,1
124,0,4,5,0,0,0,0,0,0,24,81,19,4.82562627895475,1,-1,0,0,0,0,0,0,0,0,1
55,0,1,2,0,0,0,0,0,0,0,46,9,4.100952724659746,1,-1,0,0,0,0,0,0,0,0,0
83,0,1,3,0,0,0,0,0,0,0,72,11,4.182336455497417,0,-1,0,0,0,0,0,0,0,0,1
33,0,1,2,0,0,0,0,0,0,0,28,5,3.991215710201985,1,-1,1,7,0,1,50,0,0,2,0
68,0,1,3,3,0,0,0,0,0,7,49,12,4.603729709050618,0,-1,1,0,0,0,0,0,0,0,0
132,0,1,2,1,0,0,0,1,0,15,102,15,5.363010150437366,1,-1,1,0,0,1,34,0,0,0,1
28,0,1,2,0,0,0,0,0,0,0,22,6,3.7803946541231945,0,-1,0,0,0,0,11,0,0,0,1
81,0,1,3,0,0,0,0,0,0,23,48,10,4.850118021398226,0,-1,0,0,0,0,0,0,0,0,1
16,0,0,1,0,0,0,0,0,0,0,12,4,3.5,0,-1,1,137,73,1,26,0,0,0,0
56,0,1,2,0,0,0,0,0,0,0,50,6,4.1529762985916365,1,-1,1,8,21,1,29,1,0,1,0
59,0,0,2,0,0,0,0,0,0,4,43,12,4.4904571936428965,0,-1,0,0,0,0,0,0,0,0,1
96,0,1,3,11,0,0,0,0,0,6,72,18,4.303560239596714,1,-1,0,0,0,0,0,0,0,0,0
31,0,1,3,0,0,0,0,0,0,0,25,6,3.953565664946427,0,-1,1,12,0,1,95,0,0,4,0
35,0,1,3,0,0,0,0,0,0,0,28,7,3.840156860408858,0,-1,0,0,0,0,0,0,0,0,1
40,0,1,2,2,0,0,0,0,0,0,31,9,4.015311532225102,0,-1,0,0,0,0,0,0,0,0,0
40,0,1,2,0,0,0,0,0,0,8,25,7,4.384183719779188,1,-1,0,0,0,0,0,0,0,0,1
50,0,3,4,2,0,0,0,1,0,2,38,10,4.183981820580905,0,-1,0,0,0,0,0,0,0,0,1
44,0,1,2,0,0,0,0,0,0,0,36,8,4.189561096343497,1,-1,0,0,0,0,0,0,0,0,0
52,0,0,2,0,0,0,0,0,0,0,43,9,4.064024642567999,0,-1,0,0,0,0,0,0,0,0,1
16,0,0,1,0,0,0,0,0,0,1,10,5,3.577819531114783,1,-1,1,0,0,0,1,0,0,0,1
66,0,1,3,0,0,0,0,0,0,6,47,13,4.490327073444993,1,-1,0,0,0,0,0,0,0,0,0
21,1,0,3,0,0,0,0,0,0,10,4,7,3.4273334938982645,0,-1,0,0,0,0,0,0,0,0,1
37,0,1,2,0,0,0,0,0,0,6,24,7,4.334736393288403,1,-1,0,0,0,0,0,0,0,0,0
65,0,1,3,0,0,0,0,0,0,6,48,11,4.479588198605471,0,-1,0,0,0,0,0,0,0,0,0
27,0,1,2,0,0,0,0,0,0,2,18,7,3.6619328723735824,0,-1,0,0,0,0,0,0,0,0,1
74,0,1,2,3,0,0,0,0,0,2,60,12,4.373134832530679,1,-1,0,0,0,0,0,0,0,0,0
104,0,0,1,10,0,0,0,0,0,8,78,18,4.481455590414628,1,-1,1,0,0,0,0,0,0,0,0
31,0,1,2,0,0,0,0,1,0,0,26,5,3.9621031651557947,0,-1,0,0,0,0,0,0,0,0,1
29,0,1,2,1,0,0,0,0,0,0,22,7,3.9262723741395082,0,-1,0,0,0,0,0,0,0,0,1
47,0,1,3,0,0,0,0,0,0,0,38,9,4.179499692462942,1,-1,0,0,0,0,0,0,0,0,1
27,0,1,2,0,0,0,0,0,0,0,21,6,3.810081020521731,0,-1,0,0,0,0,0,0,0,0,0
89,0,0,2,1,0,0,0,0,0,0,79,10,4.210309342611251,0,-1,0,0,0,0,0,0,0,0,1
89,0,7,8,1,0,0,0,0,0,22,54,13,4.689107241183314,0,-1,1,0,0,0,0,0,0,0,1
48,0,1,3,2,0,0,0,0,0,4,35,9,4.349874739988985,0,-1,1,82,6,0,53,1,0,0,0
39,0,2,3,1,0,0,1,0,0,0,31,8,4.368108949354111,0,-1,0,0,0,0,0,0,0,0,1
55,0,1,3,1,0,0,0,0,0,0,46,9,4.117254487427742,0,-1,0,0,0,0,0,0,0,0,0
22,0,1,2,0,0,0,0,0,0,0,16,6,3.481714572986072,1,-1,1,0,0,0,0,0,0,0,0
59,0,1,3,1,0,0,0,0,0,5,44,10,4.485971388448145,0,-1,0,0,0,0,0,0,0,0,0
43,0,1,3,0,0,0,0,0,0,6,28,9,4.34186497602557,0,-1,1,5,0,1,13,0,0,6,0
75,0,0,2,1,1,0,0,1,0,0,56,19,4.496639983852748,0,-1,0,0,0,0,0,0,0,0,1
27,0,0,1,1,0,0,1,0,0,0,22,5,3.8380398168981564,0,-1,1,5,16,1,74,0,0,0,0
25,0,0,1,0,0,0,0,0,0,0,19,6,3.6038561897747243,1,-1,1,9,27,1,8,0,0,0,0
35,0,1,2,0,0,0,0,0,0,0,29,6,3.992870516635899,1,-1,0,0,0,0,0,0,0,0,0
42,0,1,3,0,0,0,0,0,0,5,28,9,4.282098601752792,0,-1,0,0,0,0,0,0,0,0,0
148,0,1,2,2,0,0,0,1,0,9,121,18,5.081533965867922,1,-1,0,0,0,0,0,0,0,0,1
80,0,1,4,0,0,0,0,1,0,2,63,15,4.387125989868465,0,-1,0,0,0,0,0,0,0,0,1
38,0,1,3,0,0,0,0,0,0,0,29,9,4.306494947369445,0,-1,1,41,20,1,39,0,0,0,0
275,0,1,15,1,0,0,0,0,0,62,163,50,4.993859065221182,0,-1,0,0,0,0,0,0,0,0,1
45,0,1,2,0,0,0,0,0,0,0,35,10,4.216651363324027,1,-1,1,0,0,0,0,0,0,0,0
69,0,1,3,0,0,0,0,0,0,0,58,11,4.139099595735694,0,-1,1,0,0,0,0,0,0,0,0
113,0,1,2,1,0,0,0,0,0,6,93,14,5.225745419499931,1,-1,0,0,0,0,0,0,0,0,1
47,0,0,3,0,0,0,0,0,0,0,38,9,4.291097830714784,0,-1,1,0,0,0,0,0,0,0,1
45,0,1,2,0,0,0,0,0,0,0,37,8,4.214432130654918,1,-1,0,0,0,0,0,0,0,0,0
51,0,1,2,1,0,0,1,0,0,0,39,12,4.398038705506969,0,-1,0,0,0,0,0,0,0,0,1
47,0,1,2,1,0,0,0,0,0,0,39,8,4.153007937189824,0,-1,1,5,0,0,18,0,0,0,0
35,0,1,3,0,0,0,0,0,0,0,27,8,4.025591860285232,0,-1,1,49,0,0,34,1,0,0,0
66,0,1,3,7,0,0,0,0,0,5,46,15,4.487650658991727,0,-1,0,0,0,0,0,0,0,0,0
94,0,2,7,0,1,0,0,1,0,15,65,14,4.688460097983368,1,-1,1,4,0,1,6,0,1,3,1
58,0,1,2,4,0,0,0,0,0,0,47,11,4.366096081110662,0,-1,0,0,0,0,0,0,0,0,0
63,0,1,3,3,0,0,0,0,0,6,44,13,4.513171495602654,0,-1,0,0,0,0,0,0,0,0,0
31,0,0,1,0,0,0,0,0,0,0,26,5,3.9779168746936358,1,-1,0,0,0,0,0,0,0,0,0
41,0,1,2,1,0,0,0,0,0,3,31,7,4.113172736114331,0,-1,0,0,0,0,0,0,0,0,1
29,0,1,3,0,0,0,0,0,0,0,22,7,3.857306856898128,0,-1,0,0,0,0,0,0,0,0,1
41,0,1,3,0,0,0,0,0,0,7,26,8,4.375487065435391,0,-1,0,0,0,0,0,0,0,0,0
396,1,0,24,0,1,1,0,0,0,19,288,89,4.717994488207407,0,-1,0,0,0,0,0,0,0,0,1
36,1,0,4,0,0,0,0,0,0,10,18,8,4.127986806877675,0,-1,0,0,0,0,0,0,0,0,1
35,0,1,2,0,0,0,0,0,0,0,29,6,3.957295873840569,1,-1,1,0,0,0,0,0,0,0,1
57,0,1,2,1,0,0,1,0,0,2,46,9,4.363616225360277,1,-1,0,0,0,0,0,0,0,0,0
150,0,3,5,0,0,0,0,0,0,73,65,12,4.430847778121618,0,-1,0,0,0,0,0,0,0,0,1
37,0,1,2,0,0,0,0,1,0,0,32,5,4.087567554701195,0,-1,0,0,0,0,0,0,0,0,0
32,0,1,2,0,0,0,0,1,0,0,25,7,3.7889097655573916,0,-1,1,0,0,0,6,0,0,0,0
67,0,0,2,1,0,0,0,0,0,0,57,10,4.2458616236189455,0,-1,0,0,0,0,0,0,0,0,1
64,0,3,5,2,0,0,0,1,0,16,36,12,4.553072516654254,1,-1,0,0,0,0,0,0,0,0,1
89,0,1,5,1,0,0,0,0,0,4,71,14,4.988342459674883,1,-1,0,0,0,0,0,0,0,0,1
315,0,0,3,1,0,0,0,0,0,114,171,30,5.052728659359401,0,-1,0,0,0,0,0,0,0,0,1
49,0,1,2,0,0,0,0,0,0,0,38,11,4.354007037771997,1,-1,1,391,4,1,5,0,0,8,0
47,0,1,2,0,0,0,0,0,0,0,42,5,4.091378214801744,1,-1,0,0,0,0,0,0,0,0,1
59,0,1,4,1,0,0,0,0,0,0,46,13,4.229710109147065,1,-1,0,0,0,0,0,0,0,0,1
66,0,1,2,1,0,0,0,1,0,0,58,8,4.221959650608547,0,-1,0,0,0,0,0,0,0,0,0
32,0,1,2,1,0,0,0,1,0,0,25,7,3.8431390622295662,0,-1,0,0,0,0,0,0,0,0,0
32,0,0,2,0,0,0,0,0,0,0,24,8,3.7928377974034158,0,-1,1,0,0,0,0,0,0,0,1
73,0,1,2,6,0,0,0,0,0,6,55,12,4.473383121261554,0,-1,0,0,0,0,0,0,0,0,0
128,0,3,4,1,0,0,0,0,0,18,91,19,4.734129956199744,1,-1,1,0,0,0,0,0,0,0,1
40,0,1,2,0,0,0,0,0,0,0,34,6,4.0250705203641814,0,-1,1,45,33,1,21,1,0,2,0
46,0,1,3,1,0,0,0,0,0,2,33,11,4.398030705821853,1,-1,1,0,0,0,0,0,0,0,1
68,0,0,1,4,0,0,0,0,0,8,46,14,4.39784735610944,1,-1,0,0,0,0,0,0,0,0,0
26,0,1,2,0,0,0,0,0,0,0,20,6,3.613337314045307,1,-1,0,0,0,0,0,0,0,0,0
23,0,1,2,0,0,0,0,0,0,4,13,6,3.5227119556807582,0,-1,1,3,128,1,49,0,0,0,0
54,0,0,2,0,0,0,0,0,0,13,35,6,4.522862964886046,0,-1,0,0,0,0,0,0,0,0,1
37,0,1,2,0,0,0,0,0,0,0,30,7,4.003259028248121,0,-1,0,0,0,0,0,0,0,0,1
60,0,1,3,6,0,0,0,0,0,0,47,13,4.152584246172162,0,-1,0,0,0,0,0,0,0,0,0
54,0,0,2,1,0,0,1,0,0,1,44,9,4.1900079935705445,0,-1,0,0,0,0,0,0,0,0,1
75,0,3,5,19,0,0,0,0,0,0,46,29,4.014222680620117,0,-1,0,0,0,0,0,0,0,0,1
56,0,1,3,2,0,0,0,0,0,0,47,9,4.29583344144878,1,-1,1,0,0,0,0,0,0,0,0
26,0,1,2,1,0,0,1,0,0,0,19,7,3.8441065448145375,0,-1,0,0,0,0,0,0,0,0,0
41,0,1,2,0,0,0,0,0,0,0,35,6,4.0346536885808275,0,-1,1,3,14,1,20,1,0,0,1
47,0,1,3,1,0,0,0,0,0,3,36,8,4.172978277857477,0,-1,0,0,0,0,0,0,0,0,1
56,0,1,2,2,0,0,0,0,0,2,42,12,4.280108717855275,0,-1,0,0,0,0,0,0,0,0,1
28,0,1,2,0,0,0,0,0,0,0,22,6,4.039148671903071,0,-1,0,0,0,0,0,0,0,0,0
23,0,1,2,0,0,0,0,0,0,0,17,6,3.6424896731661267,0,-1,0,0,0,0,0,0,0,0,0
22,0,1,2,0,0,0,0,0,0,0,16,6,3.481714572986072,0,-1,1,17,9,0,25,0,0,0,0
27,0,1,2,0,0,0,0,0,0,0,21,6,4.032303242743954,0,-1,0,0,0,0,0,0,0,0,0
37,0,1,2,0,0,0,0,0,0,0,27,10,4.260279974311011,1,-1,1,0,0,0,0,0,0,0,0
22,0,1,2,0,0,0,0,0,0,0,16,6,3.7544418457133446,1,-1,0,0,0,0,0,0,0,0,0
43,0,3,5,0,0,0,0,1,0,0,34,9,4.016283580676733,1,-1,1,0,0,0,0,0,0,0,1
42,0,1,3,7,0,0,0,0,0,0,19,23,3.9297954712258907,0,-1,0,0,0,0,0,0,0,0,1
83,0,1,2,6,0,0,0,0,0,0,70,13,4.227442206004782,1,-1,0,0,0,0,0,0,0,0,0
106,0,1,3,1,0,0,0,0,0,5,84,17,4.770262958032649,0,-1,1,0,0,0,0,0,0,0,1
29,0,1,2,0,0,0,0,0,0,0,24,5,3.866433150225384,0,-1,0,0,0,0,0,0,0,0,1
61,0,1,3,0,0,0,0,0,0,0,50,11,4.180439698702094,0,-1,0,0,0,0,0,0,0,0,0
58,0,0,1,5,0,0,0,0,0,1,46,11,4.1659298660341655,0,-1,0,0,0,0,0,0,0,0,0
31,0,1,2,0,0,0,0,0,0,0,24,7,3.9134007456613777,0,-1,0,0,0,0,0,0,0,0,0
33,0,1,2,0,0,0,0,0,0,5,22,6,4.392582755590972,1,-1,0,0,0,0,0,0,0,0,1
32,0,1,2,1,0,0,1,0,0,0,25,7,3.9917292966721747,1,-1,1,5,280,1,63,4,0,0,0
38,0,1,2,1,0,0,0,0,0,3,28,7,4.293594289588574,1,-1,1,0,0,0,0,0,0,0,1
33,0,1,2,0,0,0,0,0,0,0,27,6,3.92258957364167,1,-1,0,0,0,0,0,0,0,0,0
54,0,1,2,1,0,0,0,0,0,0,47,7,4.289713141445622,1,-1,1,0,0,0,0,0,0,0,0
27,0,0,1,0,0,0,0,0,0,0,22,5,4.004344446367528,0,-1,0,0,0,0,0,0,0,0,0
47,0,0,2,1,0,0,0,0,0,0,37,10,4.129190586577829,1,-1,0,0,0,0,0,0,0,0,1
24,0,0,1,0,0,0,0,0,0,3,16,5,3.8553885422075345,0,-1,0,0,0,0,0,0,0,0,1
40,0,1,2,0,0,0,0,0,0,0,33,7,4.112814895472355,1,-1,1,159,4,1,5,0,0,10,0
67,0,0,1,7,0,0,0,0,0,11,40,16,4.3528516924850775,1,-1,0,0,0,0,0,0,0,0,0
39,0,1,2,0,0,0,0,0,0,0,33,6,4.060416641661804,1,-1,1,0,0,0,83,0,0,0,0
48,0,1,3,0,0,0,0,0,0,0,40,8,4.256328385912463,0,-1,0,0,0,0,0,0,0,0,1
24,0,2,3,0,0,0,0,0,0,0,17,7,3.8239348962840567,0,-1,0,0,0,0,0,0,0,0,0
40,0,3,4,0,0,0,0,1,0,2,30,8,4.146439344671015,1,-1,0,0,0,0,0,0,0,0,1
16,0,0,1,0,0,0,0,0,0,0,12,4,3.75,0,-1,0,0,0,0,0,0,0,0,0
238,0,1,3,8,0,0,0,0,0,75,128,35,5.359925977235665,1,-1,1,0,0,0,7,0,0,0,1
107,0,1,2,10,0,0,0,0,0,20,69,18,4.897480226229505,1,-1,1,150,0,1,25,1,0,8,0
60,0,1,2,2,0,0,0,0,0,0,51,9,4.105972054803331,0,-1,0,0,0,0,0,0,0,0,0
42,0,1,2,1,0,0,0,0,0,0,35,7,4.061976875613826,0,-1,0,0,0,0,0,0,0,0,0
50,0,1,3,0,0,0,0,0,0,0,41,9,4.343465189601647,0,-1,0,0,0,0,0,0,0,0,0
26,0,1,2,0,0,0,0,0,0,0,20,6,3.8150724101159423,0,-1,1,9,0,0,1,0,0,2,0
32,0,1,2,0,0,0,0,0,0,3,23,6,4.054229296672174,0,-1,0,0,0,0,0,0,0,0,1
66,0,1,2,0,0,0,0,0,0,6,52,8,5.203336922323203,1,-1,0,0,0,0,0,0,0,0,1
18,0,1,2,0,0,0,0,0,0,0,12,6,3.419381945646371,0,-1,0,0,0,0,0,0,0,0,0
42,0,1,2,0,0,0,0,0,0,2,34,6,4.225185279715573,0,-1,0,0,0,0,0,0,0,0,1
116,0,3,4,0,0,0,0,0,0,24,75,17,4.768879379732699,0,-1,0,0,0,0,0,0,0,0,1
66,0,1,2,4,0,0,0,0,0,0,53,13,4.145905862598638,0,-1,1,0,0,0,0,0,0,0,0
127,0,3,4,1,0,0,0,0,0,26,83,18,4.856218006309019,1,-1,0,0,0,0,0,0,0,0,1
56,0,0,1,1,0,0,0,0,0,0,46,10,4.181719878492295,0,-1,1,0,0,0,0,0,0,0,1
35,0,1,2,0,0,0,0,1,0,11,18,6,3.9357276594930415,0,-1,0,0,0,0,0,0,0,0,1
23,0,1,2,1,0,0,1,0,0,0,16,7,3.6753108689123644,0,-1,1,10,113,0,27,0,0,0,0
69,0,1,3,0,0,0,0,0,0,0,56,13,4.228990536357121,0,-1,0,0,0,0,0,0,0,0,1
26,0,1,2,0,0,0,0,0,0,0,20,6,3.8731406795131322,0,-1,0,0,0,0,0,0,0,0,0
79,0,1,2,6,0,0,0,0,0,0,66,13,4.233339134852567,0,-1,1,21,0,0,33,1,0,0,0
42,0,1,2,2,0,0,1,0,0,0,34,8,4.225185279715572,0,-1,1,0,0,0,0,0,0,0,1
32,0,1,2,0,0,0,0,0,0,0,26,6,3.8042292966721747,0,-1,0,0,0,0,0,0,0,0,0
68,0,3,4,0,0,0,0,0,0,15,44,9,4.528444187304091,0,-1,0,0,0,0,0,0,0,0,1
30,0,1,2,0,0,0,0,1,0,0,24,6,3.831401845392172,0,-1,1,0,0,0,9,0,0,0,0
30,0,1,2,0,0,0,0,0,0,0,24,6,4.1898980954642875,1,-1,0,0,0,0,0,0,0,0,0
32,0,1,2,0,0,0,0,0,0,0,26,6,3.9292292966721747,0,-1,0,0,0,0,0,0,0,0,0
87,0,0,2,3,1,0,1,0,0,0,71,16,4.634340882994339,0,-1,1,0,0,0,0,0,0,0,1
31,0,0,2,0,0,0,0,0,0,2,23,6,3.8488846166291193,0,-1,1,0,0,0,0,0,0,0,1
36,0,1,2,2,0,0,0,1,0,0,29,7,4.048688113203415,0,-1,0,0,0,0,0,0,0,0,0
58,0,1,3,1,0,0,0,0,0,0,48,10,4.338789030671456,0,-1,1,0,0,0,0,0,0,0,0
35,0,1,2,0,0,0,0,0,0,0,29,6,3.914159445145514,0,-1,0,0,0,0,0,0,0,0,0
19,0,0,2,0,0,0,0,0,0,0,14,5,3.9321380397593733,0,-1,1,6,1,1,28,0,0,0,0
33,0,0,1,1,0,0,1,0,0,0,26,7,4.12728313431329,1,-1,0,0,0,0,0,0,0,0,1
31,0,1,2,0,0,0,0,0,0,0,25,6,4.042433003725894,1,-1,1,26,0,1,317,1,0,7,0
22,0,1,2,0,0,0,0,0,0,0,16,6,3.7544418457133446,1,-1,0,0,0,0,0,0,0,0,0
24,0,0,1,0,0,0,0,0,0,0,19,5,3.6572682296173897,1,-1,0,0,0,0,0,0,0,0,0
32,0,1,2,0,0,0,0,0,0,0,26,6,3.8431390622295662,1,-1,1,19,122,1,30,0,1,9,0
119,0,3,4,0,0,0,0,0,0,10,91,18,4.666419808712834,0,-1,0,0,0,0,0,0,0,0,1
64,0,1,3,0,1,0,0,0,0,7,47,10,4.566428031846025,1,-1,0,0,0,0,0,0,0,0,1
27,0,1,3,0,0,0,0,0,0,0,20,7,4.004344446367528,0,-1,1,0,0,0,6,0,0,0,0
23,0,1,3,0,0,0,0,0,0,0,17,6,3.729446194905257,1,-1,0,0,0,0,0,0,0,0,0
82,0,1,2,0,0,0,0,0,0,5,64,13,5.175919651086608,1,-1,1,0,0,0,0,0,0,0,1
26,0,1,2,0,0,0,0,0,0,0,20,6,4.026986833359286,1,-1,1,73,0,1,11,0,0,0,0
119,0,1,3,12,0,0,0,1,0,4,93,22,4.748974591925935,0,-1,1,0,0,0,0,0,0,0,0
119,0,3,4,0,0,0,0,0,0,26,75,18,4.848136516798038,0,-1,0,0,0,0,0,0,0,0,1
36,0,1,3,0,0,0,0,0,0,0,29,7,3.891061112072652,1,-1,0,0,0,0,0,0,0,0,1
50,0,1,3,0,0,0,0,1,0,6,35,9,4.279079570624173,1,-1,0,0,0,0,0,0,0,0,1
25,0,0,1,1,0,0,1,0,0,0,17,8,4.213660689688185,1,-1,1,6,16,0,5,1,0,0,1
77,0,0,3,0,0,0,0,0,0,10,58,9,4.802265034584405,0,-1,1,1,0,0,26,0,0,0,1
45,0,1,2,0,0,0,0,0,0,0,38,7,4.136437130558764,0,-1,1,23,19,1,12,0,0,0,0
63,0,1,3,2,0,0,0,0,0,0,50,13,4.075590044566195,0,-1,1,23,0,1,44,1,0,6,0
77,0,0,1,0,0,0,0,0,0,20,50,7,4.631883015379679,0,-1,0,0,0,0,0,0,0,0,1
41,0,1,2,0,0,0,0,0,0,0,34,7,4.0275684677161125,1,-1,0,0,0,0,0,0,0,0,0
47,0,1,3,0,0,0,0,0,0,0,38,9,4.27503639449854,0,-1,0,0,0,0,0,0,0,0,0
46,0,1,2,2,0,0,0,1,0,2,36,8,4.249014336859389,1,-1,0,0,0,0,0,0,0,0,1
128,0,3,4,1,0,0,0,0,0,17,92,19,4.810280279000943,1,-1,0,0,0,0,0,0,0,0,1
80,0,1,3,1,0,0,0,0,0,0,65,15,4.334340758286915,0,-1,1,0,0,0,0,0,0,0,1
61,0,1,5,0,0,0,0,0,0,0,49,12,4.230363986531876,0,-1,0,0,0,0,0,0,0,0,1
127,0,3,4,1,0,0,0,0,0,20,89,18,4.845831026631984,1,-1,1,0,0,0,0,0,0,0,1
44,0,0,1,1,0,0,0,0,0,0,37,7,4.262362653567817,0,-1,0,0,0,0,0,0,0,0,1
126,0,3,4,1,0,0,0,0,0,24,83,19,4.8085352384478,1,-1,0,0,0,0,0,0,0,0,1
42,0,1,2,0,0,0,0,0,0,0,34,8,4.183867720346297,1,-1,1,0,0,0,0,0,0,0,0
45,0,1,2,3,0,0,0,1,0,0,36,9,4.099163441595073,1,-1,0,0,0,0,0,0,0,0,1
58,0,3,5,2,0,0,0,1,0,0,47,11,4.131171031016862,1,-1,0,0,0,0,0,0,0,0,1
84,0,0,2,4,0,0,0,0,0,5,64,15,4.451259911969211,1,-1,1,4,97,1,17,0,1,1,0
37,0,1,3,0,0,0,0,0,0,1,28,8,4.121219243831913,0,-1,0,0,0,0,0,0,0,0,0
112,0,0,3,2,1,0,0,0,0,0,94,18,4.451627656127492,0,-1,0,0,0,0,0,0,0,0,1
31,0,1,2,0,0,0,0,0,0,0,25,6,3.9377519554085865,1,-1,1,0,0,0,0,0,0,0,0
27,0,1,2,0,0,0,0,1,0,0,20,7,3.5137847242254345,0,-1,1,0,0,0,0,0,0,0,1
97,0,1,3,4,0,0,0,0,0,0,84,13,4.285379988815355,1,-1,0,0,0,0,0,0,0,0,0
48,0,0,1,2,0,0,0,1,0,0,40,8,3.917481250360578,1,-1,0,0,0,0,0,0,0,0,0
55,0,1,3,0,0,0,0,0,0,2,44,9,4.490564832439369,0,-1,1,0,0,0,0,0,0,0,0
26,0,1,2,0,0,0,0,0,0,0,20,6,3.719294525666979,1,-1,1,0,0,0,0,0,0,0,0
83,0,3,5,2,0,0,0,1,0,17,52,14,4.7319334500825265,1,-1,0,0,0,0,0,0,0,0,1
39,0,1,2,0,0,0,0,0,0,8,25,6,4.458103180234289,1,-1,0,0,0,0,0,0,0,0,1
22,0,0,1,0,0,0,0,0,0,0,17,5,3.970573095811684,0,-1,0,0,0,0,0,0,0,0,1
107,0,0,4,1,0,0,0,0,0,12,80,15,4.865912753397389,0,-1,0,0,0,0,0,0,0,0,1
127,0,1,3,4,0,0,0,0,0,43,69,15,4.844715204190438,1,-1,0,0,0,0,0,0,0,0,1
108,0,2,4,2,0,0,0,0,0,14,78,16,5.099801997555386,1,-1,0,0,0,0,0,0,0,0,0
99,0,1,2,9,0,0,0,0,0,6,76,17,4.429346777175499,1,-1,1,67,11,1,66,0,0,0,0
39,0,0,1,0,0,0,0,0,0,0,33,6,4.118484911058994,1,-1,1,0,0,0,0,0,0,0,1
28,0,1,2,0,0,0,0,1,0,0,22,6,3.9677201004744993,1,-1,1,7,35,1,17,0,0,0,0
35,0,0,2,3,0,0,1,0,0,3,23,9,4.3001530166977115,0,-1,0,0,0,0,0,0,0,0,1
63,0,1,3,2,0,0,0,0,0,7,45,11,4.404365892868156,0,-1,0,0,0,0,0,0,0,0,0
54,0,1,2,2,0,0,0,0,0,1,43,10,4.292040864021044,0,-1,0,0,0,0,0,0,0,0,0
15,0,0,1,0,0,0,0,0,0,0,10,5,3.32323142879762,1,-1,1,27,9,0,21,1,0,4,0
37,0,1,2,1,0,0,0,1,0,0,30,7,3.925405392539033,1,-1,1,0,0,0,0,0,0,0,1
31,0,1,2,0,0,0,0,0,0,0,25,6,3.7356660681024443,1,-1,1,8,0,1,39,1,0,34,0
31,0,1,2,0,0,0,0,0,0,0,25,6,4.042433003725894,0,-1,0,0,0,0,0,0,0,0,1
52,0,1,3,0,0,0,0,0,0,0,43,9,4.033689055389993,0,-1,0,0,0,0,0,0,0,0,0
29,0,1,2,0,0,0,0,0,0,0,23,6,4.0472990984266435,0,-1,1,0,0,0,0,0,0,0,1
25,0,1,2,0,0,0,0,0,0,0,19,6,3.589275070710713,1,-1,1,20,0,1,25,3,0,2,0
32,0,1,2,0,0,0,0,1,0,8,18,6,3.8431390622295662,0,-1,1,0,0,0,0,0,0,0,1
163,0,1,4,9,1,0,0,0,0,65,75,23,4.803363778168904,0,-1,1,0,0,0,0,0,0,0,1
38,0,0,1,3,0,0,1,0,0,0,30,8,4.14860021052734,1,-1,0,0,0,0,0,0,0,0,1
91,0,0,3,1,0,0,1,0,0,23,54,14,4.836221739776118,1,-1,0,0,0,0,0,0,0,0,1
31,0,0,3,0,0,0,0,0,0,0,24,7,3.7843684875968613,1,-1,0,0,0,0,0,0,0,0,1
42,0,4,5,0,0,0,0,1,0,0,33,9,4.20483401847097,0,-1,0,0,0,0,0,0,0,0,1
137,0,1,3,8,0,0,0,0,0,0,118,19,4.340167233640788,0,-1,0,0,0,0,0,0,0,0,0
210,0,1,4,1,0,0,0,0,0,14,159,37,5.335964154987066,1,-1,1,0,0,0,1,0,0,0,1
76,0,0,2,0,0,0,0,0,0,21,46,9,4.6518719220469045,0,-1,0,0,0,0,0,0,0,0,1
35,0,1,2,1,0,0,0,0,0,1,27,7,4.185867302411998,0,-1,1,1,0,0,1,0,0,0,1
39,0,1,3,1,0,0,0,0,0,2,29,8,4.109138039864114,0,-1,1,0,0,0,0,0,0,0,1
243,0,1,2,15,0,0,1,0,0,54,160,29,5.390552154228662,1,-1,0,0,0,0,0,0,0,0,1
42,0,1,2,0,0,0,0,1,0,1,36,5,4.109595923232874,0,-1,0,0,0,0,0,0,0,0,1
44,0,1,3,0,0,0,0,0,0,7,28,9,4.399677289476146,0,-1,1,37,0,1,13,0,0,1,0
79,0,1,3,2,0,0,0,0,0,7,60,12,4.400061648481551,0,-1,0,0,0,0,0,0,0,0,0
26,0,1,2,1,0,0,1,0,0,0,19,7,3.921029621737614,1,-1,0,0,0,0,0,0,0,0,0
99,0,1,4,0,1,0,0,0,0,7,80,12,5.141475560017514,0,-1,0,0,0,0,0,0,0,0,1
124,0,1,2,2,0,0,0,1,0,6,98,20,5.159250716031775,1,-1,1,0,0,1,34,0,0,0,1
109,0,1,4,0,1,0,0,1,0,7,90,12,5.141838917120721,1,-1,0,0,0,0,0,0,0,0,1
76,0,3,4,1,0,0,0,0,0,9,57,10,4.47759412602274,0,-1,1,0,0,0,0,0,0,0,1
29,0,1,2,0,0,0,0,0,0,0,23,6,3.8833374604210062,0,-1,0,0,0,0,0,0,0,0,0
68,0,0,2,1,0,0,0,0,0,0,56,12,4.206383385393942,0,-1,0,0,0,0,0,0,0,0,1
68,0,1,3,1,0,0,1,0,0,0,57,11,4.090308982826451,0,-1,0,0,0,0,0,0,0,0,1
171,0,1,4,0,1,0,0,0,0,52,97,22,4.976818548599418,0,-1,0,0,0,0,0,0,0,0,1
27,0,1,2,1,0,0,1,0,0,0,20,7,3.763965742824082,1,-1,1,5,38,1,4,0,0,0,0
70,0,0,1,4,0,0,1,0,0,2,56,12,4.131678818062291,0,-1,1,3,113,0,11,0,0,5,0
48,0,0,1,0,0,0,0,0,0,0,41,7,4.304047012067739,0,-1,0,0,0,0,0,0,0,0,1
46,0,0,1,1,0,0,1,0,0,0,36,10,4.237447619997661,1,-1,0,0,0,0,0,0,0,0,1
118,0,1,3,5,0,0,0,0,0,0,102,16,4.319024889917744,1,-1,1,0,0,0,0,0,0,0,0
25,0,1,2,0,0,0,0,0,0,0,19,6,3.9434651896016457,1,-1,0,0,0,0,0,0,0,0,0
238,0,1,15,2,0,0,1,1,0,3,193,42,4.484352003673524,0,-1,0,0,0,0,0,0,0,0,1
126,0,3,4,1,0,0,0,0,0,24,83,19,4.740520918212512,1,-1,0,0,0,0,0,0,0,0,1
28,0,1,2,1,0,0,1,0,0,0,21,7,3.8423709931771084,1,-1,0,0,0,0,0,0,0,0,0
35,1,0,4,0,0,0,0,0,0,14,12,9,3.9788640881880966,0,-1,0,0,0,0,0,0,0,0,1
36,0,1,2,1,0,0,0,0,0,0,29,7,4.218128820706467,1,-1,1,0,0,0,1,0,0,0,1
81,0,1,2,4,0,0,0,0,0,13,49,19,4.420847651852952,0,-1,0,0,0,0,0,0,0,0,0
60,0,3,4,0,0,0,0,1,0,1,47,12,4.31715596252095,0,-1,0,0,0,0,0,0,0,0,1
46,0,1,2,0,0,0,0,0,0,0,38,8,4.124894642412722,1,-1,0,0,0,0,0,0,0,0,0
117,0,3,4,0,0,0,0,0,0,22,77,18,4.774002382855329,0,-1,0,0,0,0,0,0,0,0,1
63,0,1,2,5,0,0,0,0,0,0,50,13,4.443893273751856,1,-1,0,0,0,0,0,0,0,0,0
48,0,1,2,1,0,0,0,0,0,2,38,8,4.29040071973329,0,-1,0,0,0,0,0,0,0,0,0
31,0,1,3,0,0,0,0,0,0,0,24,7,3.9292144551992183,1,-1,0,0,0,0,0,0,0,0,1
44,0,1,3,0,0,0,0,0,0,6,29,9,4.306498528791829,0,-1,0,0,0,0,0,0,0,0,0
81,0,4,5,1,0,0,0,0,0,12,57,12,4.608308726483007,0,-1,0,0,0,0,0,0,0,0,1
47,0,3,4,1,0,0,0,1,0,10,27,10,4.410451883362375,1,-1,0,0,0,0,0,0,0,0,1
27,0,1,2,0,0,0,0,0,0,0,21,6,3.7080481500712317,1,-1,1,7,0,1,2,0,0,2,0
70,0,1,2,1,0,0,0,0,0,0,60,10,4.248357975191421,0,-1,0,0,0,0,0,0,0,0,0
76,0,1,4,0,0,0,0,0,0,16,46,14,4.6341748435212935,0,-1,0,0,0,0,0,0,0,0,0
57,0,0,2,1,0,0,1,0,0,0,48,9,4.125868523881445,0,-1,0,0,0,0,0,0,0,0,1
29,0,1,2,0,0,0,0,0,0,0,23,6,3.926272374139508,1,-1,1,0,0,0,0,0,0,0,0
31,0,1,2,0,0,0,0,1,0,0,25,6,3.92599298842148,0,-1,0,0,0,0,0,0,0,0,1
33,0,1,2,0,0,0,0,0,0,0,27,6,4.0060710131011685,1,-1,0,0,0,0,0,0,0,0,0
37,0,1,2,1,0,0,0,0,0,0,30,7,3.800292136239285,0,-1,0,0,0,0,0,0,0,0,1
65,0,1,2,1,0,0,0,1,0,0,57,8,4.088171283599355,0,-1,0,0,0,0,0,0,0,0,0
36,0,1,2,1,0,0,0,0,0,0,29,7,4.027719015921097,0,-1,0,0,0,0,0,0,0,0,0
31,0,1,2,0,0,0,0,0,0,0,25,6,3.953565664946427,1,-1,0,0,0,0,0,0,0,0,0
42,0,1,3,1,0,0,0,0,0,2,32,8,4.3680424225727155,0,-1,0,0,0,0,0,0,0,0,0
29,0,0,1,0,0,0,0,0,0,0,23,6,3.7974676329840045,1,-1,0,0,0,0,0,0,0,0,1
24,0,0,1,0,0,0,0,0,0,0,19,5,3.6572682296173897,1,-1,0,0,0,0,0,0,0,0,0
40,0,1,2,0,0,0,0,0,0,3,31,6,4.0250705203641814,0,-1,0,0,0,0,0,0,0,0,1
54,0,1,3,2,0,0,0,0,0,0,44,10,4.233795548692772,0,-1,1,0,0,0,1,0,0,0,0
49,0,0,1,0,0,0,0,0,0,2,39,8,4.23412330346736,1,-1,0,0,0,0,0,0,0,0,1
26,0,0,2,0,0,0,0,0,0,0,21,5,3.796217602590056,0,-1,0,0,0,0,0,0,0,0,0
48,0,1,2,0,0,0,0,0,0,4,35,9,4.381328385912463,0,-1,0,0,0,0,0,0,0,0,1
74,0,1,3,3,0,0,0,0,0,5,57,12,4.430416331956727,0,-1,1,34,390,1,93,0,0,2,0
101,0,0,1,0,0,0,0,0,0,23,70,8,5.118220830240156,0,-1,0,0,0,0,0,0,0,0,1
32,0,1,2,0,0,0,0,0,0,5,21,6,4.218139062229566,0,-1,0,0,0,0,0,0,0,0,1
84,0,0,1,6,0,0,0,0,0,0,72,12,4.145610244817931,0,-1,1,0,0,0,0,0,0,0,0
18,0,0,1,0,0,0,0,0,0,1,11,6,3.530493056757482,0,-1,1,3,0,0,2,0,0,1,1
44,0,3,4,2,0,0,0,1,0,6,28,10,4.172404562203418,1,-1,1,0,0,0,0,0,0,0,1
26,0,1,2,0,0,0,0,0,0,0,20,6,3.8731406795131327,1,-1,1,0,0,0,3,0,0,1,0
34,0,1,2,0,0,0,0,0,0,0,28,6,4.0796786498829745,1,-1,0,0,0,0,0,0,0,0,0
53,1,0,4,0,0,0,0,0,0,10,32,11,4.47265017129941,0,-1,0,0,0,0,0,0,0,0,1
23,0,1,3,0,0,0,0,1,0,0,16,7,3.696624999159019,1,-1,1,0,0,0,0,0,0,0,0
37,0,1,2,0,0,0,0,0,0,0,30,7,4.046762824854522,0,-1,0,0,0,0,0,0,0,0,0
60,0,1,2,0,0,0,0,0,0,0,54,6,4.244413829577611,1,-1,0,0,0,0,0,0,0,0,0
21,0,0,1,0,0,0,0,0,0,0,17,4,3.689703732199547,0,-1,0,0,0,0,0,0,0,0,0
51,0,2,3,2,0,0,0,0,0,5,37,9,4.302340969796453,0,-1,0,0,0,0,0,0,0,0,1
32,0,1,2,1,0,0,1,0,0,0,25,7,4.030639062229566,1,-1,1,2,0,0,39,0,0,0,0
29,0,1,2,0,0,0,0,0,0,0,23,6,4.021268494903765,1,-1,0,0,0,0,0,0,0,0,0
81,0,0,1,1,0,0,1,0,0,22,50,9,4.606471879503044,0,-1,0,0,0,0,0,0,0,0,1
66,0,1,3,0,0,0,0,0,0,7,48,11,4.252654068017075,0,-1,0,0,0,0,0,0,0,0,0
46,0,0,2,0,0,0,0,0,0,2,35,9,4.311074184082722,0,-1,0,0,0,0,0,0,0,0,0
40,0,1,2,0,0,0,0,1,0,0,35,5,4.165311532225101,0,-1,1,6,0,1,7,0,0,0,1
56,0,1,2,5,0,0,0,0,0,0,43,13,4.296119377716701,0,-1,0,0,0,0,0,0,0,0,0
55,0,1,2,1,0,0,0,0,0,0,48,7,4.27419875007773,0,-1,1,0,0,0,0,0,0,0,1
44,0,1,2,1,0,0,0,0,0,8,27,9,4.416833823616223,0,-1,0,0,0,0,0,0,0,0,0
48,0,1,3,0,0,1,0,0,0,10,27,11,4.215199876515856,0,-1,0,0,0,0,0,0,0,0,1
50,0,1,3,0,0,0,0,0,0,1,40,9,4.240240000427043,0,-1,0,0,0,0,0,0,0,0,1
48,0,1,2,0,0,0,0,0,0,0,40,8,4.15726822961739,0,-1,1,8,2,1,10,0,0,0,0
21,0,0,1,0,0,0,0,0,0,3,13,5,3.9754180179138325,1,-1,0,0,0,0,0,0,0,0,1
58,0,1,2,1,0,0,0,0,0,0,49,9,4.345073995785254,0,-1,1,0,0,0,0,0,0,0,1
90,0,1,4,0,0,0,0,1,0,22,57,11,4.598093131678854,1,-1,1,0,0,0,2,0,0,0,1
94,0,1,3,0,0,0,0,0,0,9,72,13,4.487260369659785,0,-1,0,0,0,0,0,0,0,0,1
28,0,1,3,0,0,0,0,0,0,0,22,6,3.9677201004744993,1,-1,1,0,0,0,0,0,0,0,0
25,0,0,1,0,0,0,0,0,0,0,19,6,3.813660689688185,0,-1,0,0,0,0,0,0,0,0,1
57,0,3,5,2,0,0,0,1,0,3,43,11,4.248000603153558,0,-1,0,0,0,0,0,0,0,0,1
61,0,1,3,3,0,0,1,0,0,0,50,11,4.079332469209647,0,-1,1,4,16,1,6,0,0,1,0
35,0,1,2,1,0,0,0,0,0,3,25,7,4.264578373902381,0,-1,0,0,0,0,0,0,0,0,1
25,0,1,2,0,0,0,0,0,0,0,19,6,3.863465189601646,1,-1,0,0,0,0,0,0,0,0,0
75,0,1,4,0,1,0,0,0,0,2,60,13,4.3783631118090565,0,-1,0,0,0,0,0,0,0,0,1
39,0,1,2,0,0,0,0,0,0,0,32,7,3.9233659245349726,1,-1,1,4,0,1,6,0,1,3,1
49,0,1,2,1,0,0,0,0,0,0,41,8,4.191268906118179,1,-1,0,0,0,0,0,0,0,0,0
19,0,1,2,0,0,0,0,0,0,3,10,6,3.576617644908665,0,-1,0,0,0,0,0,0,0,0,1
46,0,1,2,1,0,0,0,0,0,3,34,9,4.468576629687865,0,-1,1,32,160,1,142,0,0,2,0
110,0,0,3,1,0,0,0,0,0,5,86,19,4.591476615572955,0,-1,0,0,0,0,0,0,0,0,1
58,0,1,3,0,0,0,0,0,0,0,50,8,4.090679383678988,0,-1,1,5,10,0,14,0,0,0,0
30,0,1,2,0,0,0,0,0,0,0,23,7,3.73624341298306,1,-1,0,0,0,0,0,0,0,0,1
50,0,1,3,0,0,0,0,0,0,0,41,9,4.079079570624174,0,-1,0,0,0,0,0,0,0,0,0
30,0,0,1,1,0,0,1,0,0,0,25,5,4.047742678581273,0,-1,0,0,0,0,0,0,0,0,1
109,0,0,3,1,0,0,0,0,0,21,74,14,4.935122687986416,0,-1,0,0,0,0,0,0,0,0,1
78,0,1,2,5,0,0,0,0,0,6,60,12,4.48047698294543,1,-1,1,1,0,0,6,0,0,1,0
26,0,1,2,0,0,0,0,0,0,0,19,7,3.7773627950641684,0,-1,0,0,0,0,0,0,0,0,0
60,0,1,2,2,0,0,0,0,0,0,50,10,4.305005029967607,0,-1,0,0,0,0,0,0,0,0,0
36,0,1,2,0,0,0,0,0,0,0,30,6,3.967585764910526,1,-1,1,40,163,1,26,0,0,2,0
22,0,1,2,0,0,0,0,0,0,0,16,6,3.629219686524096,0,-1,0,0,0,0,0,0,0,0,0
32,0,0,1,0,0,0,0,0,0,0,26,6,3.952819531114783,1,-1,0,0,0,0,0,0,0,0,1
91,0,1,3,7,0,0,0,0,0,6,69,16,4.361286400548644,0,-1,0,0,0,0,0,0,0,0,0
56,0,1,2,0,0,0,0,1,0,0,49,7,4.159485726745214,0,-1,0,0,0,0,0,0,0,0,0
19,0,1,2,0,0,0,0,0,0,0,13,6,3.3918926446809317,0,-1,1,0,73,1,24,0,0,0,0
103,0,1,3,1,1,0,0,0,0,8,83,12,5.208074012864434,1,-1,0,0,0,0,0,0,0,0,1
22,0,1,2,0,0,0,0,0,0,0,16,6,3.7544418457133446,1,-1,1,2,15,1,17,0,0,13,0
56,0,1,3,0,0,0,0,0,0,0,47,9,4.344566583470219,1,-1,1,1,9,0,7,0,0,0,0
63,0,0,2,1,0,0,0,0,0,0,52,11,4.360894305693768,1,-1,1,0,0,0,0,0,0,0,1
47,0,0,2,0,0,0,0,0,0,0,38,9,3.993225490289251,0,-1,1,0,0,0,0,0,0,0,1
142,0,1,3,2,0,0,0,0,0,9,124,9,5.533702820554869,1,-1,1,1,0,0,1,1,0,0,1
78,0,0,1,6,0,0,1,0,0,1,64,13,4.056405553473669,0,-1,0,0,0,0,0,0,0,0,1
43,0,1,2,0,0,0,0,0,0,0,37,6,4.047562138070835,0,-1,0,0,0,0,0,0,0,0,0
65,0,1,3,1,0,0,0,0,0,6,47,12,4.510357429374702,1,-1,0,0,0,0,0,0,0,0,0
56,0,1,2,1,0,0,1,0,0,0,44,12,4.101125010956985,0,-1,0,0,0,0,0,0,0,0,1
26,0,1,2,0,0,0,0,0,0,0,20,6,3.8441065448145375,1,-1,1,0,0,0,0,0,0,0,0
106,0,1,2,12,0,0,0,0,0,7,80,19,4.344923228811909,1,-1,0,0,0,0,0,0,0,0,0
58,0,0,2,0,0,0,0,0,0,0,49,9,4.627221029864569,0,-1,0,0,0,0,0,0,0,0,1
56,0,1,3,0,0,0,0,1,0,0,46,10,4.152976298591637,0,-1,0,0,0,0,0,0,0,0,0
27,0,1,2,0,0,0,0,0,0,0,22,5,3.9582291686698796,0,-1,0,0,0,0,0,0,0,0,0
29,0,1,3,0,0,0,0,0,0,0,22,7,3.9952378913808873,0,-1,1,90,0,1,14,0,0,15,0
271,0,1,5,0,0,0,0,0,0,84,162,25,4.800034989733084,0,-1,1,0,0,0,0,0,0,0,1
37,0,0,1,0,0,0,0,0,0,0,31,6,3.9900097040407405,0,-1,0,0,0,0,0,0,0,0,1
60,0,1,3,1,0,0,0,0,0,0,50,10,4.194087996100047,0,-1,0,0,0,0,0,0,0,0,1
34,0,1,2,2,0,0,0,1,0,0,27,7,3.895423870280316,0,-1,1,46,277,1,13,0,0,0,0
74,0,1,2,0,0,0,0,0,0,25,40,9,4.799943061253298,1,-1,0,0,0,0,0,0,0,0,1
82,0,0,2,1,0,0,0,0,0,0,71,11,4.4143560421044965,0,-1,0,0,0,0,0,0,0,0,1
34,0,1,2,0,0,0,0,0,0,1,28,5,4.101881223476018,0,-1,0,0,0,0,0,0,0,0,0
25,0,0,1,0,0,0,0,0,0,0,21,4,3.703465189601647,0,-1,0,0,0,0,0,0,0,0,0
40,0,0,1,2,0,0,0,1,0,0,33,7,4.008694969562842,1,-1,0,0,0,0,0,0,0,0,1
122,0,1,2,1,0,0,0,1,0,9,97,16,5.129256757039434,1,-1,0,0,0,0,0,0,0,0,1
53,0,1,2,0,0,0,0,0,0,0,42,11,4.562365029830796,1,-1,1,0,0,0,0,0,0,0,0
41,0,1,2,0,0,0,0,0,0,4,29,8,4.375487065435391,1,-1,0,0,0,0,0,0,0,0,0
71,0,1,3,0,0,0,0,0,0,0,60,11,4.233477930091848,0,-1,0,0,0,0,0,0,0,0,1
53,0,0,2,1,0,0,0,0,0,0,43,10,4.31294463456903,1,-1,0,0,0,0,0,0,0,0,1
91,1,0,4,5,0,0,0,0,0,12,62,17,4.48840322928817,0,-1,0,0,0,0,0,0,0,0,1
52,0,1,2,0,0,0,0,0,0,0,44,8,4.2892074491938965,1,-1,1,0,0,0,0,0,0,0,0
47,0,1,2,0,0,0,0,0,0,0,36,11,4.13694650097358,0,-1,0,0,0,0,0,0,0,0,1
34,0,1,2,0,0,0,0,0,0,0,28,6,3.8588029144615943,1,-1,0,0,0,0,0,0,0,0,0
54,0,1,2,0,0,0,0,0,0,8,39,7,4.59508767840253,1,-1,1,0,0,0,0,0,0,0,1
43,0,1,2,2,0,0,0,0,0,0,35,8,4.126862359796814,1,-1,0,0,0,0,0,0,0,0,1
51,0,2,4,0,0,0,0,0,0,0,41,10,4.248323567793248,0,-1,1,0,0,0,0,0,0,0,0
55,0,1,2,0,0,0,0,0,0,0,42,13,4.433378522844338,1,-1,0,0,0,0,0,0,0,0,0
72,0,3,5,4,1,0,0,1,0,8,49,15,4.537660508766316,1,-1,0,0,0,0,0,0,0,0,1
27,0,1,2,0,0,0,0,0,0,0,21,6,3.782122224145306,1,-1,0,0,0,0,0,0,0,0,0
31,0,1,2,0,0,0,0,1,0,1,25,5,4.0022680844408445,0,-1,0,0,0,0,0,0,0,0,1
27,0,1,2,0,0,0,0,0,0,0,21,6,3.930270372293455,0,-1,1,16,1,1,31,0,0,0,0
36,0,0,2,1,0,0,0,0,0,7,20,9,4.361052349254429,0,-1,0,0,0,0,0,0,0,0,1
26,0,1,2,0,0,0,0,0,0,0,20,6,4.026986833359286,1,-1,0,0,0,0,0,0,0,0,0
39,0,0,1,1,0,0,0,0,0,0,32,7,4.23105823222728,1,-1,0,0,0,0,0,0,0,0,1
35,0,1,2,0,0,0,0,0,0,0,28,7,3.992870516635899,1,-1,0,0,0,0,0,0,0,0,0
56,0,1,3,2,0,0,0,0,0,0,47,9,4.29583344144878,1,-1,0,0,0,0,0,0,0,0,0
48,0,0,2,0,0,0,0,1,0,0,40,8,3.895512835516972,0,-1,0,0,0,0,0,0,0,0,1
57,0,0,2,0,0,0,0,0,0,3,41,13,4.056832235570405,0,-1,0,0,0,0,0,0,0,0,1
17,0,0,1,0,0,0,0,0,0,0,12,5,3.2483650467509038,0,-1,0,0,0,0,0,0,0,0,0
48,0,1,3,0,0,0,0,0,0,0,40,8,4.103846168850305,1,-1,1,0,0,0,0,0,0,0,0
32,0,1,2,0,0,0,0,0,0,0,26,6,4.226409765557392,0,-1,0,0,0,0,0,0,0,0,1
33,0,0,1,0,0,0,0,0,0,0,26,7,3.96531410498158,0,-1,0,0,0,0,0,0,0,0,1
22,0,0,1,0,0,0,0,1,0,3,14,5,3.936260027531526,1,-1,1,0,0,1,34,0,0,0,1
167,0,0,5,0,0,0,0,0,0,26,120,21,5.435932779015546,0,-1,0,0,0,0,0,0,0,0,1
56,0,0,2,2,0,0,1,0,0,0,46,10,4.131489360772527,0,-1,0,0,0,0,0,0,0,0,1
45,0,1,3,0,0,0,0,0,0,0,37,8,4.207976707200401,0,-1,0,0,0,0,0,0,0,0,0
71,0,0,1,0,0,0,0,0,0,0,60,11,4.058415119628878,0,-1,0,0,0,0,0,0,0,0,1
34,0,1,4,0,0,0,0,0,0,0,26,8,3.9986525468781666,0,-1,0,0,0,0,0,0,0,0,1
204,0,1,3,0,0,0,0,0,0,79,108,17,4.734366802140299,1,-1,0,0,0,0,0,0,0,0,1
25,0,1,2,0,0,0,0,0,0,2,17,6,3.833269689515107,0,-1,0,0,0,0,0,0,0,0,0
103,0,0,1,1,0,0,0,0,0,16,74,13,4.4428133694856955,0,-1,0,0,0,0,0,0,0,0,1
50,0,1,2,1,0,0,1,0,0,0,42,8,4.081076880026371,0,-1,0,0,0,0,0,0,0,0,0
25,0,1,2,0,0,0,0,0,0,0,19,6,4.023465189601645,0,-1,1,4,365,1,7,0,0,0,0
77,0,0,1,0,0,0,0,0,0,23,47,7,4.66925756808848,0,-1,1,0,0,0,0,0,0,0,1
165,0,1,6,4,0,0,0,0,0,13,132,20,4.641211476844681,0,-1,1,0,0,0,0,0,0,0,1
62,0,1,2,2,0,0,0,0,0,0,51,11,4.1876956092147495,1,-1,0,0,0,0,0,0,0,0,0
54,0,1,2,0,0,0,0,0,0,8,39,7,4.773043983484694,1,-1,0,0,0,0,0,0,0,0,1
56,0,2,4,0,0,0,0,0,0,0,48,8,4.189437798233895,0,-1,0,0,0,0,0,0,0,0,1
23,0,1,2,0,0,0,0,0,0,0,17,6,3.7622673906514947,1,-1,0,0,0,0,0,0,0,0,1
113,0,1,3,1,0,0,0,0,0,31,70,12,5.109581785570157,0,-1,0,0,0,0,0,0,0,0,1
38,0,1,3,0,0,0,0,0,0,0,31,7,4.16150086830821,0,-1,0,0,0,0,0,0,0,0,1
22,0,1,2,0,0,0,0,0,0,0,17,5,3.697845823084412,0,-1,1,12,0,0,0,0,0,0,1
28,1,0,4,0,0,0,0,0,0,7,13,8,3.824862957617356,0,-1,0,0,0,0,0,0,0,0,1
21,0,1,2,0,0,0,0,0,0,0,15,6,3.5585186130489057,1,-1,1,7,4,1,6,1,0,1,0
63,0,0,3,2,0,0,0,0,0,2,49,12,4.779122090875091,1,-1,0,0,0,0,0,0,0,0,1
57,0,1,3,2,0,0,0,0,0,0,46,11,4.1065105756751255,0,-1,0,0,0,0,0,0,0,0,0
81,0,1,2,0,0,0,0,0,0,22,51,8,4.770310694895628,0,-1,0,0,0,0,0,0,0,0,1
40,0,1,3,0,0,0,0,0,0,0,32,8,4.106198332810094,0,-1,0,0,0,0,0,0,0,0,1
83,0,1,4,4,0,0,0,0,0,4,61,18,4.674645648851641,1,-1,1,0,0,0,6,0,0,0,0
30,0,1,2,0,0,0,0,0,0,0,24,6,3.8062389286533898,1,-1,0,0,0,0,0,0,0,0,0
96,0,1,3,0,0,0,0,0,0,27,55,14,4.726017287781372,0,-1,1,0,0,0,0,0,0,0,1
64,0,3,5,3,0,0,0,1,0,4,47,13,4.320967001462483,0,-1,1,0,0,0,0,0,0,0,1
84,0,1,3,5,0,0,0,0,0,3,67,14,4.355023566265563,0,-1,1,8,82,1,67,1,0,12,0
89,0,1,3,2,0,0,0,0,0,1,76,12,4.513640381064618,0,-1,1,0,0,0,0,0,0,0,0
40,0,0,1,0,0,0,0,0,0,2,30,8,4.215311532225101,1,-1,0,0,0,0,0,0,0,0,1
78,0,0,1,7,0,0,1,0,0,7,56,15,4.327078699661318,0,-1,0,0,0,0,0,0,0,0,0
69,0,1,3,2,0,0,0,0,0,0,60,9,4.312780574996514,0,-1,0,0,0,0,0,0,0,0,1
34,0,1,2,1,0,0,0,0,0,0,26,8,4.160704752887782,0,-1,1,0,0,0,0,0,0,0,0
77,0,0,2,2,0,0,0,0,0,3,60,14,4.262633619203972,0,-1,0,0,0,0,0,0,0,0,1
60,0,1,3,0,0,0,0,0,0,4,47,9,4.415491538019118,0,-1,0,0,0,0,0,0,0,0,0
58,0,1,3,0,0,0,0,0,0,0,47,11,4.358089297546693,0,-1,0,0,0,0,0,0,0,0,0
74,0,0,2,0,0,0,0,0,0,2,62,10,4.18588130783542,0,-1,1,1,2,0,12,0,0,1,0
40,0,0,1,1,0,0,1,0,0,0,32,8,4.072573883611434,0,-1,0,0,0,0,0,0,0,0,1
35,0,0,1,0,0,0,0,0,0,0,30,5,3.990017217489902,0,-1,0,0,0,0,0,0,0,0,0
41,0,0,2,0,0,0,0,0,0,0,33,8,4.0251327245427015,1,-1,0,0,0,0,0,0,0,0,1
22,0,1,2,0,0,0,0,0,0,0,16,6,3.663532754804254,1,-1,1,2,27,1,2,0,1,0,0
71,0,1,2,1,0,0,0,0,0,10,52,9,4.651468296336441,0,-1,1,0,0,0,0,0,0,0,1
31,0,1,2,0,0,0,0,0,0,0,26,5,4.106949132758152,0,-1,0,0,0,0,0,0,0,0,1
199,0,1,5,11,0,0,0,0,0,39,127,33,4.761466735247213,1,-1,0,0,0,0,0,0,0,0,1
53,0,3,4,1,0,0,0,1,0,14,30,9,4.463888030795445,0,-1,0,0,0,0,0,0,0,0,1
21,0,1,2,0,0,0,0,0,0,0,15,6,3.748994803525096,1,-1,0,0,0,0,0,0,0,0,0
47,0,3,4,2,0,0,0,1,0,0,37,10,3.9155343316849263,1,-1,0,0,0,0,0,0,0,0,1
64,0,1,2,3,0,0,0,0,0,0,53,11,4.216328470024671,1,-1,0,0,0,0,0,0,0,0,0
22,0,0,1,0,0,0,0,1,0,4,13,5,3.936260027531526,1,-1,1,0,0,0,0,0,0,0,1
103,0,1,2,9,0,0,0,0,0,7,79,17,4.642268857768942,0,-1,1,32,140,1,32,3,0,2,0
66,0,0,2,0,0,0,0,0,0,29,23,14,4.386245243748387,0,-1,0,0,0,0,0,0,0,0,1
26,0,0,1,0,0,0,0,0,0,0,21,5,3.7962176025900556,1,-1,0,0,0,0,0,0,0,0,1
36,0,1,2,0,0,0,0,0,0,0,28,8,4.048688113203415,0,-1,0,0,0,0,0,0,0,0,1
15,0,0,1,0,0,0,0,0,0,0,11,4,3.189898095464287,0,-1,1,0,7,1,16,0,0,0,0
33,0,1,2,0,0,0,0,0,0,0,26,7,4.086526226193701,1,-1,0,0,0,0,0,0,0,0,0
82,0,0,1,7,0,0,0,0,0,8,58,16,4.518210390209813,0,-1,1,29,158,1,26,1,0,1,0
262,0,11,13,0,1,0,0,1,0,39,202,21,5.093623394707333,0,-1,0,0,0,0,0,0,0,0,1
38,0,2,3,1,0,0,0,0,0,0,30,8,4.115834092163221,1,-1,0,0,0,0,0,0,0,0,1
24,0,1,2,0,0,0,0,0,0,0,18,6,3.855388542207534,0,-1,1,2,0,0,28,0,0,0,0
47,0,0,2,0,0,0,0,0,0,0,37,10,4.120885064757336,0,-1,1,0,0,0,0,0,0,0,1
117,0,4,5,0,0,0,0,0,0,22,85,10,5.133220976971751,0,-1,0,0,0,0,0,0,0,0,1
56,0,1,2,0,0,0,0,0,0,0,46,10,4.394508217079681,1,-1,0,0,0,0,0,0,0,0,0
52,0,3,5,0,1,0,0,1,0,3,38,11,4.113834074602287,1,-1,0,0,0,0,0,0,0,0,1
59,0,1,3,1,0,0,0,0,0,4,45,10,4.270615992399054,0,-1,1,2,0,1,10,0,0,0,0
45,0,1,2,0,0,0,0,1,0,1,39,5,4.180307540581811,0,-1,0,0,0,0,0,0,0,0,1
23,0,0,1,0,0,0,0,0,0,0,18,5,3.588354347173234,1,-1,0,0,0,0,0,0,0,0,1
41,0,0,1,0,0,0,0,0,0,6,26,9,4.289882797037173,0,-1,0,0,0,0,0,0,0,0,1
38,0,1,3,0,0,0,0,0,0,3,26,9,4.178738290204357,1,-1,1,0,0,0,0,0,0,0,1
92,0,0,3,3,0,0,0,0,0,3,74,15,4.508169533804176,0,-1,1,0,0,0,0,0,0,0,1
55,0,1,3,1,0,0,0,0,0,2,44,9,4.346926022805003,0,-1,0,0,0,0,0,0,0,0,1
36,0,0,1,0,0,0,0,0,0,4,25,7,3.9857808213564594,0,-1,0,0,0,0,0,0,0,0,0
113,0,1,2,2,0,0,0,0,0,6,91,16,5.249241189695094,1,-1,0,0,0,0,0,0,0,0,1
87,0,1,2,4,0,0,0,0,0,8,63,16,4.593139438298281,1,-1,0,0,0,0,0,0,0,0,0
51,0,1,2,1,0,0,0,0,0,4,38,9,4.58399838110234,1,-1,0,0,0,0,0,0,0,0,1
49,0,1,2,2,0,0,0,0,0,0,39,10,4.086263864736002,0,-1,0,0,0,0,0,0,0,0,0
39,0,1,2,0,0,0,0,0,0,0,33,6,4.297470808272997,1,-1,0,0,0,0,0,0,0,0,1
216,0,0,2,0,0,0,0,0,0,72,127,17,4.664456724836767,0,-1,1,0,0,0,0,0,0,0,1
37,0,1,2,0,0,0,0,1,0,0,31,6,3.848249906801916,0,-1,1,4,0,0,30,0,0,0,0
95,0,1,3,1,0,0,0,0,0,5,78,12,4.548766667800574,1,-1,0,0,0,0,0,0,0,0,1
51,0,0,5,0,0,0,0,0,0,0,41,10,3.861042196724363,0,-1,1,0,0,0,0,0,0,0,1
58,0,1,3,0,0,0,0,0,0,0,49,9,4.3450739957852536,1,-1,1,0,0,0,0,0,0,0,0
42,0,1,3,0,0,0,0,0,0,5,28,9,4.33209539866017,1,-1,1,0,0,0,0,0,0,0,0
120,0,1,2,1,0,0,0,0,0,7,96,17,4.418511898598417,0,-1,0,0,0,0,0,0,0,0,0
163,0,0,3,0,0,0,0,0,0,53,90,20,4.883567706427525,0,-1,0,0,0,0,0,0,0,0,1
72,0,1,3,2,0,0,1,0,0,3,54,15,4.414096662207429,1,-1,1,0,0,0,0,0,0,0,0
79,0,1,4,1,0,0,0,1,0,8,55,16,4.7525739450886935,1,-1,0,0,0,0,0,0,0,0,0
61,0,1,3,1,0,0,0,0,0,19,30,12,4.525022485729205,1,-1,0,0,0,0,0,0,0,0,1
32,0,2,3,1,0,0,0,0,0,7,17,8,3.944548827786958,0,-1,0,0,0,0,0,0,0,0,1
392,1,0,24,0,1,1,0,0,0,15,287,90,4.645019320721671,0,-1,0,0,0,0,0,0,0,0,1
24,0,0,2,1,0,0,1,1,0,0,18,6,3.7201755214643453,0,-1,1,0,0,0,0,0,0,0,0
43,0,1,3,1,0,0,0,0,0,0,33,10,4.2374411389168944,0,-1,0,0,0,0,0,0,0,0,1
61,0,1,2,4,0,0,0,1,0,0,49,12,4.3874756082609565,0,-1,0,0,0,0,0,0,0,0,0
217,0,0,9,0,0,0,0,0,0,33,162,22,5.0168155211190335,0,-1,0,0,0,0,0,0,0,0,1
32,0,1,2,0,0,0,0,0,0,0,26,6,3.8514097655573916,1,-1,0,0,0,0,0,0,0,0,0
44,0,1,3,0,0,0,0,1,0,0,34,10,4.174674231978641,0,-1,0,0,0,0,0,0,0,0,1
34,0,3,4,0,0,0,0,0,0,0,26,8,3.878068268345523,0,-1,0,0,0,0,0,0,0,0,1
81,0,1,4,2,0,0,0,0,0,5,63,13,4.527897460038843,0,-1,0,0,0,0,0,0,0,0,1
54,0,1,2,0,0,0,0,0,0,2,44,8,4.3430572992462935,0,-1,1,0,0,0,0,0,0,0,0
49,0,1,2,0,0,0,0,0,0,0,39,10,3.8763981728961534,0,-1,1,34,0,0,23,1,0,1,0
29,0,0,2,0,0,0,0,0,0,0,20,9,3.7714370294611266,0,-1,1,0,0,0,0,0,0,0,1
36,0,2,3,1,0,0,1,0,0,0,28,8,3.9648117240741407,0,-1,0,0,0,0,0,0,0,0,1
82,0,1,2,0,0,0,0,0,0,4,66,12,5.181898004692375,1,-1,0,0,0,0,0,0,0,0,1
21,0,1,2,0,0,0,0,0,0,0,15,6,3.463280517810811,1,-1,1,29,0,1,14,0,0,0,0
37,0,2,3,0,0,0,0,0,0,0,31,6,4.134468568039293,0,-1,0,0,0,0,0,0,0,0,1
42,0,1,2,0,0,0,0,0,0,0,36,6,4.097923899526372,0,-1,0,0,0,0,0,0,0,0,0
47,0,0,1,1,0,0,1,0,0,0,36,11,4.3154647887515205,0,-1,0,0,0,0,0,0,0,0,1
98,0,1,2,2,0,0,1,0,0,29,55,14,4.825204589986269,0,-1,1,7,0,1,12,0,0,0,1
127,0,3,4,1,0,0,0,0,0,19,90,18,4.813949773598383,1,-1,0,0,0,0,0,0,0,0,1
39,0,1,2,0,0,0,0,1,0,0,33,6,4.057855988582063,1,-1,0,0,0,0,0,0,0,0,1
48,0,1,3,0,0,0,0,0,0,0,39,9,4.209147917027245,0,-1,0,0,0,0,0,0,0,0,0
40,0,0,1,0,0,0,0,0,0,0,34,6,3.984183719779188,0,-1,1,7,6,1,8,0,0,2,0
124,0,4,5,0,0,0,0,0,0,16,89,19,4.7820660391514,1,-1,0,0,0,0,0,0,0,0,1
26,0,1,2,0,0,0,0,0,0,0,20,6,3.9500637564362093,1,-1,0,0,0,0,0,0,0,0,0
33,0,1,2,0,0,0,0,0,0,0,27,6,4.0060710131011685,1,-1,0,0,0,0,0,0,0,0,0
29,0,1,3,0,0,0,0,0,0,0,22,7,4.021268494903765,0,-1,1,0,0,0,0,0,0,0,1
45,0,1,2,0,0,0,0,0,0,0,34,11,4.29464636342018,0,-1,0,0,0,0,0,0,0,0,0
23,0,1,2,0,0,0,0,0,0,0,17,6,3.6753108689123644,1,-1,0,0,0,0,0,0,0,0,0
204,0,1,2,1,0,0,0,0,0,28,168,8,5.582010402564014,1,-1,0,0,0,0,0,0,0,0,1
44,0,1,3,0,0,0,0,0,0,7,28,9,4.399677289476145,0,-1,0,0,0,0,0,0,0,0,0
24,0,0,2,0,0,0,0,0,0,0,18,6,3.772055208874201,0,-1,0,0,0,0,0,0,0,0,1
62,0,0,3,1,0,0,0,0,0,1,48,13,4.431557149194809,0,-1,0,0,0,0,0,0,0,0,1
27,0,1,2,0,0,0,0,0,0,0,21,6,3.676390632579627,1,-1,1,21,0,1,112,1,0,0,0
33,0,1,3,0,0,0,0,0,0,0,23,10,3.861983513035609,0,-1,1,0,0,0,0,0,0,0,1
41,0,1,2,0,0,0,0,1,0,0,35,6,4.208297968550675,1,-1,0,0,0,0,0,0,0,0,1
27,0,0,2,0,0,0,0,0,0,0,20,7,3.7639657428240816,0,-1,0,0,0,0,0,0,0,0,1
48,0,1,2,1,0,0,0,1,0,0,40,8,4.170042772369206,0,-1,0,0,0,0,0,0,0,0,0
152,0,3,5,3,1,0,0,1,0,20,109,23,5.671907327031221,1,-1,1,0,0,0,0,0,0,0,1
36,0,0,2,0,0,0,0,0,0,0,30,6,4.030493056757482,1,-1,0,0,0,0,0,0,0,0,0
88,0,2,7,1,1,0,0,1,0,0,73,15,4.325560813820691,1,-1,1,4,0,1,6,0,1,3,1
393,1,0,24,0,1,1,0,0,0,16,287,90,4.66996737084715,0,-1,0,0,0,0,0,0,0,0,1
28,0,1,2,0,0,0,0,0,0,0,22,6,3.824862957617356,1,-1,0,0,0,0,0,0,0,0,0
151,0,0,3,1,1,0,0,0,0,41,101,9,5.1182175492354895,0,-1,0,0,0,0,0,0,0,0,1
101,0,0,1,7,0,0,0,0,0,5,81,15,4.404302846717045,1,-1,1,26,311,1,24,0,1,12,0
50,0,1,3,0,0,0,0,0,0,0,43,7,4.139849000253965,0,-1,0,0,0,0,0,0,0,0,0
105,0,1,3,1,0,0,0,0,0,5,85,15,4.6311654895831715,0,-1,0,0,0,0,0,0,0,0,1
26,0,1,2,1,0,0,0,0,0,0,19,7,3.7192945256669785,1,-1,1,0,0,0,0,0,0,0,1
29,0,1,2,0,0,0,0,0,0,0,23,6,3.9523029776623857,1,-1,0,0,0,0,0,0,0,0,0
17,0,0,1,0,0,0,0,0,0,0,13,4,3.734521664779752,0,-1,0,0,0,0,0,0,0,0,0
37,0,1,3,0,0,0,0,0,0,0,30,7,3.787042812031905,0,-1,1,0,0,0,1,0,0,0,0
34,0,1,2,0,0,0,0,0,0,0,28,6,3.7045348998193433,0,-1,0,0,0,0,0,0,0,0,1
56,0,1,3,1,0,0,1,0,0,14,32,10,4.492198841847881,0,-1,0,0,0,0,0,0,0,0,1
51,0,1,2,0,0,0,0,0,0,5,35,11,4.358316518272402,1,-1,0,0,0,0,0,0,0,0,1
127,0,3,4,1,0,0,0,0,0,16,93,18,4.707776990485282,1,-1,0,0,0,0,0,0,0,0,1
66,0,0,1,7,0,0,1,0,0,0,53,13,4.151186401168287,0,-1,0,0,0,0,0,0,0,0,0
88,0,1,4,1,0,0,0,0,0,4,69,15,4.665517029285391,1,-1,0,0,0,0,0,0,0,0,0
36,0,1,2,0,0,0,0,0,0,0,30,6,4.141604167868593,1,-1,1,36,0,0,65,0,0,0,0
25,0,1,2,0,0,0,0,0,0,0,19,6,3.723074189428569,1,-1,0,0,0,0,0,0,0,0,0
79,0,0,2,1,0,0,0,0,0,8,58,13,4.570744477030463,0,-1,0,0,0,0,0,0,0,0,1
42,0,1,2,2,0,0,1,0,0,0,34,8,4.091622411276601,0,-1,0,0,0,0,0,0,0,0,0
34,0,1,3,0,0,0,0,0,0,0,27,7,3.9513101799829657,0,-1,0,0,0,0,0,0,0,0,0
39,0,1,2,0,0,0,0,0,0,5,28,6,4.131054782742918,1,-1,1,0,0,0,0,0,0,0,1
29,0,1,2,0,0,0,0,1,0,0,23,6,4.021268494903765,1,-1,0,0,0,0,0,0,0,0,0
85,0,0,2,4,0,0,0,0,0,0,71,14,4.1538791628699565,0,-1,1,0,0,0,0,0,0,0,1
59,0,3,5,2,0,0,0,1,0,1,47,11,4.185810270743963,0,-1,0,0,0,0,0,0,0,0,1
34,0,0,2,0,0,0,0,0,0,3,22,9,4.043057694064253,0,-1,0,0,0,0,0,0,0,0,1
44,0,1,2,0,0,0,0,0,0,0,38,6,4.018884391699702,0,-1,0,0,0,0,0,0,0,0,0
56,0,1,2,1,0,0,0,0,0,0,45,11,3.940473896272171,0,-1,0,0,0,0,0,0,0,0,1
38,0,2,3,1,0,0,0,0,0,4,26,8,4.391892644680933,0,-1,1,0,0,0,0,0,0,0,1
52,0,1,2,0,0,0,0,0,0,2,42,8,4.341381363082302,0,-1,0,0,0,0,0,0,0,0,0
59,0,1,3,0,0,0,0,0,0,0,48,11,4.266401584339953,0,-1,1,0,0,0,0,0,0,0,1
34,0,1,2,0,0,0,0,1,0,1,28,5,4.160704752887782,0,-1,0,0,0,0,0,0,0,0,1
46,0,0,2,0,0,0,0,1,0,0,38,8,3.971734173768879,1,-1,0,0,0,0,0,0,0,0,1
75,0,1,3,1,0,0,0,0,0,0,61,14,4.298576610889103,1,-1,0,0,0,0,0,0,0,0,1
83,0,1,2,0,0,0,0,0,0,6,65,12,5.006754715499977,1,-1,1,0,1,0,26,0,0,0,1
60,0,1,2,0,0,0,0,0,0,0,50,10,4.320915337340661,0,-1,0,0,0,0,0,0,0,0,0
49,0,1,3,2,0,0,0,0,0,0,39,10,4.107071007769755,0,-1,0,0,0,0,0,0,0,0,0
64,0,1,2,2,0,0,0,0,0,0,54,10,4.158617633875558,0,-1,0,0,0,0,0,0,0,0,0
46,0,5,6,1,0,0,0,0,0,4,31,11,4.338141847079169,1,-1,1,0,0,0,0,0,0,0,1
36,0,1,2,1,0,0,0,0,0,0,29,7,3.9749375012019263,0,-1,1,130,0,1,19,0,0,3,0
41,0,1,2,2,0,0,0,0,0,5,29,7,4.161953223919209,0,-1,0,0,0,0,0,0,0,0,1
18,0,0,1,1,0,0,1,0,0,0,13,5,3.6835423624332306,0,-1,1,3,1,0,0,0,0,0,0
29,0,1,2,0,0,0,0,0,0,1,22,6,4.1162646156680225,1,-1,0,0,0,0,0,0,0,0,1
19,0,0,1,0,0,0,0,0,0,0,14,5,3.681880802803402,1,-1,1,44,18,1,20,1,0,0,0
39,0,1,2,0,0,0,0,0,0,0,33,6,3.9384964492986376,1,-1,0,0,0,0,0,0,0,0,0
43,0,1,2,3,0,0,0,0,0,0,34,9,4.202330092304639,0,-1,0,0,0,0,0,0,0,0,0
65,0,0,3,0,0,0,0,0,0,3,50,12,4.606381658916029,1,-1,0,0,0,0,0,0,0,0,1
231,0,0,3,1,0,0,0,0,0,92,119,20,4.834476378718605,1,-1,0,0,0,0,0,0,0,0,1
34,0,1,2,1,0,0,1,0,0,0,27,7,4.07674143017386,0,-1,0,0,0,0,0,0,0,0,1
41,0,1,3,1,0,0,0,1,0,0,33,8,4.173909931130747,0,-1,1,2,2,1,16,1,0,1,0
22,0,0,1,0,0,0,0,0,0,2,15,5,3.845350936622435,1,-1,0,0,0,0,0,0,0,0,1
53,0,1,2,2,0,0,0,0,0,8,34,11,4.409537379451366,0,-1,0,0,0,0,0,0,0,0,0
39,0,1,2,0,0,0,0,0,0,0,32,7,4.054632988093018,0,-1,0,0,0,0,0,0,0,0,0
29,0,1,2,0,0,0,0,0,0,0,23,6,4.073329701949522,1,-1,0,0,0,0,0,0,0,0,1
47,0,1,2,4,0,0,0,0,0,0,37,10,4.280667511657909,0,-1,1,29,9,1,110,1,0,25,0
118,0,3,4,0,0,0,0,0,0,24,76,18,4.75068473778826,1,-1,0,0,0,0,0,0,0,0,1
35,0,0,2,0,0,0,0,0,0,3,25,7,3.9788640881880966,0,-1,0,0,0,0,0,0,0,0,1
54,0,0,1,0,0,0,0,0,0,21,28,5,4.6624112343914135,0,-1,0,0,0,0,0,0,0,0,1
33,0,1,2,0,0,0,0,0,0,5,22,6,4.430313437343593,1,-1,1,0,0,0,0,0,0,0,1
110,0,2,4,7,0,0,0,0,0,6,87,17,4.3354173537269745,1,-1,0,0,0,0,0,0,0,0,0
127,0,3,4,1,0,0,0,0,0,19,89,19,4.763527505929817,0,-1,0,0,0,0,0,0,0,0,1
73,0,3,4,2,0,0,0,1,0,5,54,14,4.468035730500414,1,-1,1,0,0,0,0,0,0,0,1
42,0,1,2,1,0,0,0,0,0,0,33,9,4.127569435189147,1,-1,1,11,549,1,21,0,0,9,0
56,0,3,5,2,0,0,0,1,0,6,39,11,4.338804369244614,0,-1,0,0,0,0,0,0,0,0,1
48,0,1,3,1,0,0,0,1,0,0,38,10,4.296452679221901,1,-1,0,0,0,0,0,0,0,0,0
458,0,1,5,2,0,0,0,0,0,187,252,19,4.516142334117863,1,-1,1,1,0,0,1,1,0,0,1
68,0,0,2,1,0,0,0,0,0,0,57,11,4.233095834952137,0,-1,0,0,0,0,0,0,0,0,1
29,0,1,2,0,0,0,0,0,0,0,23,6,3.8664331502253844,1,-1,0,0,0,0,0,0,0,0,0
30,1,0,3,0,0,0,0,0,0,11,10,9,3.552584246172162,0,-1,0,0,0,0,0,0,0,0,1
77,0,0,1,0,0,0,0,0,0,16,54,7,4.58098832806082,0,-1,1,0,0,0,0,0,0,0,1
112,0,1,2,1,0,0,0,1,0,7,91,14,5.306575436437139,1,-1,0,0,0,0,0,0,0,0,1
100,0,1,3,1,0,0,0,0,0,21,66,13,4.766726636825405,0,-1,0,0,0,0,0,0,0,0,1
48,0,1,2,1,0,0,1,0,0,0,39,9,4.105926699477595,0,-1,0,0,0,0,0,0,0,0,0
39,0,1,3,0,0,0,0,0,0,0,32,7,4.143624654426843,0,-1,0,0,0,0,0,0,0,0,1
81,0,2,4,4,0,0,0,0,0,6,61,14,4.441004788405311,1,-1,0,0,0,0,0,0,0,0,0
124,0,4,5,0,0,0,0,0,0,19,86,19,4.820062118181421,1,-1,1,0,0,0,0,0,0,0,1
70,0,1,3,1,0,0,0,0,0,6,53,11,4.421213196192992,0,-1,1,0,0,0,0,0,0,0,0
59,0,1,3,0,0,0,0,0,0,0,49,10,4.437585744850291,0,-1,0,0,0,0,0,0,0,0,0
106,0,1,4,4,0,0,0,0,0,17,71,18,5.034155776226639,1,-1,1,0,0,0,0,0,0,2,1
65,0,1,2,1,0,0,0,0,0,3,51,11,4.495315798164126,0,-1,0,0,0,0,0,0,0,0,1
49,0,3,4,0,0,0,0,0,0,0,42,7,4.2623697929623425,0,-1,0,0,0,0,0,0,0,0,1
30,0,1,2,0,0,0,0,0,0,0,24,6,3.711080496244278,1,-1,0,0,0,0,0,0,0,0,0
19,0,1,2,0,0,0,0,0,0,0,13,6,3.326360407952694,0,-1,0,0,0,0,0,0,0,0,1
27,0,1,2,0,0,0,0,0,0,0,21,6,3.736006946447657,1,-1,0,0,0,0,0,0,0,0,0
44,0,0,1,0,0,0,0,0,0,0,36,8,4.246157118972431,0,-1,0,0,0,0,0,0,0,0,1
24,0,0,2,0,0,0,0,0,0,0,18,6,3.8553885422075345,1,-1,1,45,13,1,6,2,0,0,0
48,0,1,2,0,0,0,0,0,0,0,40,8,3.923533209849189,0,-1,0,0,0,0,0,0,0,0,0
106,0,0,3,1,1,0,0,0,0,0,86,20,4.541336616249964,0,-1,0,0,0,0,0,0,0,0,1
91,0,1,2,1,0,0,0,0,0,2,75,14,4.222856009108163,1,-1,0,0,0,0,0,0,0,0,1
111,0,0,2,4,0,0,0,0,0,0,98,13,4.455936174054109,0,-1,0,0,0,0,0,0,0,0,1
50,0,1,3,0,0,0,0,0,0,0,41,9,3.921593511005629,1,-1,1,0,0,0,0,0,0,0,0
210,0,0,2,1,0,0,0,0,0,88,104,18,4.706859326797341,0,-1,1,0,0,0,0,0,0,0,1
19,0,1,2,0,0,0,0,0,0,3,10,6,3.576617644908665,0,-1,0,0,0,0,0,0,0,0,1
28,0,1,2,2,0,0,1,0,0,0,20,8,3.7979026896829478,1,-1,1,0,117,1,51,0,0,0,0
46,0,1,3,0,0,0,0,0,0,8,31,7,4.457919564564537,1,-1,0,0,0,0,0,0,0,0,1
41,0,1,3,0,0,0,0,0,0,7,26,8,4.326706577630513,0,-1,0,0,0,0,0,0,0,0,0
45,0,1,2,0,0,0,0,0,0,22,16,7,4.322315530038771,0,-1,0,0,0,0,0,0,0,0,1
73,0,1,3,5,0,0,0,0,0,2,59,12,4.385756848415243,0,-1,0,0,0,0,0,0,0,0,1
33,0,1,2,0,0,0,0,0,0,2,25,6,4.513794876803093,1,-1,1,0,0,0,0,0,0,0,1
37,0,3,4,0,0,0,0,0,0,13,16,8,4.445543568156238,1,-1,0,0,0,0,0,0,0,0,1
28,0,1,2,0,0,0,0,0,0,0,22,6,4.012188403968661,1,-1,0,0,0,0,0,0,0,0,0
24,0,1,2,0,0,0,0,0,0,1,17,6,3.6887218755408675,1,-1,0,0,0,0,0,0,0,0,0
26,0,1,2,0,0,0,0,0,0,0,20,6,3.767183467891461,1,-1,1,18,0,1,64,0,0,7,0
88,0,1,2,5,0,0,0,0,0,8,66,14,4.670134892428195,1,-1,0,0,0,0,0,0,0,0,0
49,0,0,1,0,0,0,0,1,0,6,34,9,4.459012079154173,0,-1,0,0,0,0,0,0,0,0,1
45,0,1,2,4,0,0,0,0,0,0,35,10,4.275651852925217,1,-1,0,0,0,0,0,0,0,0,1
32,0,0,2,0,0,0,0,0,0,0,24,8,3.902518266288633,0,-1,0,0,0,0,0,0,0,0,1
42,0,1,2,0,0,0,0,1,0,0,34,8,3.880794959555808,0,-1,0,0,0,0,0,0,0,0,1
30,0,1,2,0,0,0,0,0,0,0,24,6,4.031401845392171,1,-1,1,0,0,0,0,0,0,0,0
78,0,1,2,4,0,0,0,0,0,5,61,12,4.434404828542439,1,-1,0,0,0,0,0,0,0,0,0
45,0,0,2,0,0,0,0,0,0,0,39,6,3.963610875592631,0,-1,0,0,0,0,0,0,0,0,1
69,0,1,3,4,0,0,0,0,0,0,58,11,4.090054987253751,0,-1,0,0,0,0,0,0,0,0,0
36,0,1,2,1,0,0,1,0,0,2,28,6,4.2390979179887855,0,-1,0,0,0,0,0,0,0,0,1
44,0,0,1,2,0,0,1,0,0,0,34,10,4.083765141069551,0,-1,0,0,0,0,0,0,0,0,1
30,0,1,2,0,0,0,0,0,0,0,24,6,3.9898980954642873,1,-1,0,0,0,0,0,0,0,0,0
44,0,2,4,0,0,0,0,0,0,1,34,9,4.072623663895164,0,-1,0,0,0,0,0,0,0,0,0
92,0,1,3,1,0,0,0,0,0,11,66,15,4.870158326291202,1,-1,0,0,0,0,0,0,0,0,1
46,0,2,3,1,0,0,0,0,0,0,34,12,4.161148163381858,0,-1,0,0,0,0,0,0,0,0,0
71,0,1,2,3,0,0,0,0,0,0,59,12,4.374323000514383,1,-1,0,0,0,0,0,0,0,0,0
19,0,0,2,0,0,0,0,0,0,0,14,5,3.6163485660751644,0,-1,1,0,4,0,10,0,0,0,0
129,0,4,5,1,0,0,0,0,0,19,90,20,4.754358005055083,0,-1,0,0,0,0,0,0,0,0,1
56,0,1,2,0,0,0,0,0,0,6,39,11,4.7334448240680045,0,-1,1,0,0,0,1,0,0,0,1
29,0,1,2,0,0,0,0,0,0,0,23,6,3.995237891380887,0,-1,0,0,0,0,0,0,0,0,1
28,0,0,1,0,0,0,0,0,0,0,22,6,3.824862957617357,1,-1,0,0,0,0,0,0,0,0,1
70,0,1,3,4,0,0,0,0,0,5,54,11,4.464349624888047,0,-1,0,0,0,0,0,0,0,0,0
46,0,1,2,2,0,0,0,0,0,1,35,10,4.072930304900479,1,-1,0,0,0,0,0,0,0,0,0
21,0,1,2,0,0,0,0,0,0,0,15,6,3.558518613048906,1,-1,1,6,139,1,21,0,0,0,0
108,0,1,2,4,0,0,0,0,0,44,50,14,4.682482586967457,1,-1,0,0,0,0,0,0,0,0,1
40,0,3,4,0,0,0,0,1,0,10,22,8,4.127567157116928,1,-1,0,0,0,0,0,0,0,0,1
27,0,0,1,0,0,0,0,0,0,0,22,5,3.9582291686698796,0,-1,1,40,22,1,30,0,0,0,0
62,0,1,2,1,0,0,0,0,0,3,50,9,4.242019247186534,0,-1,1,0,0,0,0,0,0,0,0
34,0,1,2,1,0,0,1,0,0,0,25,9,4.172185915404347,1,-1,0,0,0,0,0,0,0,0,0
41,0,1,3,0,0,0,0,0,0,0,33,8,4.277926089825634,0,-1,1,0,0,0,0,0,0,0,0
136,0,1,2,0,0,0,0,0,0,48,80,8,4.933411001949039,1,-1,0,0,0,0,0,0,0,0,1
19,0,1,2,0,0,0,0,0,0,0,14,5,3.260828171224455,0,-1,1,18,3,1,19,0,0,1,0
62,0,1,3,0,0,0,0,0,0,0,53,9,4.064656950051862,1,-1,0,0,0,0,0,0,0,0,0
23,0,1,2,0,0,0,0,0,0,0,17,6,3.9361804341297555,0,-1,0,0,0,0,0,0,0,0,0
42,0,2,4,0,0,0,0,0,0,0,34,8,4.0260298517012805,1,-1,1,0,0,0,0,0,0,0,1
128,0,3,4,1,0,0,0,0,0,21,88,19,4.802822322419825,1,-1,1,0,0,0,0,0,0,0,1
37,0,1,2,2,0,0,0,0,0,0,29,8,4.134468568039293,1,-1,0,9,110,1,23,0,0,0,1
22,1,0,3,0,0,0,0,0,0,11,4,7,3.538310595615006,0,-1,0,0,0,0,0,0,0,0,1
33,0,1,2,0,0,0,0,1,0,0,27,6,4.089552452560668,1,-1,0,0,0,0,0,0,0,0,0
61,0,0,2,1,0,0,0,0,0,0,50,11,4.354426224146144,0,-1,0,0,0,0,0,0,0,0,1
54,0,1,3,3,0,0,0,0,0,0,44,10,4.244723149910975,0,-1,0,0,0,0,0,0,0,0,0
97,0,1,2,9,0,0,0,0,0,1,79,17,4.391488455362044,1,-1,0,0,0,0,0,0,0,0,0
28,0,1,2,1,0,0,1,0,0,0,22,6,4.110577243331643,1,-1,0,0,0,0,0,0,0,0,0
74,0,2,3,2,0,0,0,0,0,6,57,11,4.582726386643206,0,-1,0,0,0,0,0,0,0,0,1
360,0,2,4,13,0,0,0,0,0,45,247,68,5.229976615378417,0,-1,0,0,0,0,0,0,0,0,1
15,0,0,1,0,0,0,0,0,0,1,9,5,3.4565647621309536,0,-1,1,0,8,1,1,0,0,0,1
43,0,1,3,0,0,0,0,0,0,6,28,9,4.388376603932547,0,-1,1,5,0,1,13,0,0,1,0
128,0,4,5,1,0,0,0,0,0,26,83,19,4.752717266858361,0,-1,0,0,0,0,0,0,0,0,1
55,0,1,2,0,0,0,0,0,0,0,47,8,4.142939096461847,0,-1,0,0,0,0,0,0,0,0,0
20,0,1,2,0,0,0,0,0,0,0,14,6,3.546439344671015,0,-1,1,4,132,0,16,0,0,0,0
54,0,1,2,0,0,0,0,0,0,0,43,11,4.145742076430486,1,-1,0,0,0,0,0,0,0,0,0
25,0,1,2,0,0,0,0,0,0,0,19,6,3.7834651896016465,0,-1,0,0,0,0,0,0,0,0,0
66,0,1,3,5,0,0,0,0,0,17,33,16,4.400793181251561,0,-1,0,0,0,0,0,0,0,0,1
51,0,1,2,0,0,0,0,0,0,3,39,9,4.207149735045995,0,-1,0,0,0,0,0,0,0,0,1
58,0,1,2,3,0,0,0,1,0,0,48,10,4.19629484952507,0,-1,1,191,0,1,25,3,0,2,0
58,0,0,3,0,0,0,0,0,0,0,48,10,4.05163347839467,0,-1,0,0,0,0,0,0,0,0,1
243,0,1,2,16,0,0,1,0,0,48,165,30,5.424165759302906,1,-1,0,0,0,0,0,0,0,0,1
25,0,1,3,0,0,0,0,0,0,0,18,7,3.803074189428568,0,-1,0,0,0,0,0,0,0,0,0
127,0,3,4,1,0,0,0,0,0,24,85,18,4.883546155813107,1,-1,0,0,0,0,0,0,0,0,1
25,0,1,2,0,0,0,0,0,0,0,19,6,3.893660689688185,0,-1,0,0,0,0,0,0,0,0,0
88,0,1,8,0,0,0,0,0,0,1,72,15,4.221637552141979,0,-1,0,0,0,0,0,0,0,0,1
27,0,1,2,0,0,0,0,1,0,0,21,6,3.9582291686698796,1,-1,1,7,0,0,7,0,0,0,0
27,0,1,2,0,0,0,0,0,0,0,21,6,3.6800893536948074,1,-1,0,0,0,0,0,0,0,0,0
53,0,1,2,0,0,0,0,0,0,2,40,11,4.343315209558403,0,-1,1,0,0,0,4,0,0,0,0
21,1,0,3,0,0,0,0,0,0,10,4,7,3.5225715891363594,0,-1,0,0,0,0,0,0,0,0,1
32,0,1,2,0,0,0,0,0,0,0,27,5,4.015319531114783,0,-1,0,0,0,0,0,0,0,0,1
38,0,1,2,0,0,0,0,1,0,0,33,5,3.945718475144531,0,-1,1,0,0,0,0,0,0,0,1
266,0,1,3,1,0,0,0,0,0,36,216,14,5.893282058285104,0,-1,0,0,0,0,0,0,0,0,1
27,0,1,2,0,0,0,0,0,0,0,21,6,3.810081020521731,1,-1,0,0,0,0,0,0,0,0,0
26,0,1,2,0,0,0,0,0,0,0,20,6,3.7381493331928657,0,-1,0,0,0,0,0,0,0,0,0
40,0,0,1,1,0,0,0,0,0,0,32,8,4.225070520364182,1,-1,0,0,0,0,0,0,0,0,1
24,0,1,2,0,0,0,0,0,0,0,18,6,3.6572682296173893,1,-1,1,12,0,1,19,1,0,0,0
39,0,0,1,0,0,0,0,0,0,0,33,6,4.201692923824033,1,-1,0,0,0,0,0,0,0,0,1
34,0,0,1,0,0,0,0,0,0,0,29,5,3.836600340868551,1,-1,1,4,2,1,10,0,0,0,0
49,0,1,2,1,0,0,0,1,0,0,40,9,4.446969416587175,0,-1,0,0,0,0,0,0,0,0,0
53,0,1,2,1,0,0,1,0,0,0,45,8,4.129259021483943,1,-1,0,0,0,0,0,0,0,0,0
24,0,0,2,0,0,0,0,0,0,0,18,6,3.855388542207534,1,-1,1,6,68,1,35,3,0,1,0
101,0,1,2,10,0,0,1,0,0,0,83,18,4.292103743207837,0,-1,1,0,0,0,0,0,0,0,0
84,0,0,2,0,0,0,0,0,0,21,53,10,4.765779440837205,0,-1,0,0,0,0,0,0,0,0,1
64,0,1,3,0,0,0,0,0,0,0,55,9,4.14813272039029,0,-1,0,0,0,0,0,0,0,0,0
60,0,3,5,0,0,0,0,1,0,10,41,9,4.370007272132441,1,-1,0,0,0,0,0,0,0,0,1
25,0,1,2,1,0,0,1,0,0,0,18,7,3.863465189601646,0,-1,0,0,0,0,0,0,0,0,1
65,0,1,2,0,0,0,0,0,0,0,54,11,4.308766613255314,0,-1,1,15,2,1,4,0,0,6,0
40,0,1,3,1,0,0,1,1,0,0,30,10,4.097085133395087,0,-1,0,0,0,0,0,0,0,0,0
40,0,2,3,1,0,0,0,0,0,0,32,8,3.918453957701921,1,-1,0,0,0,0,0,0,0,0,1
44,0,1,2,2,0,0,0,0,0,9,27,8,4.555467129755084,0,-1,0,0,0,0,0,0,0,0,1
30,0,0,1,0,0,0,0,0,0,0,23,7,3.7077516472406153,0,-1,0,0,0,0,0,0,0,0,1
51,0,0,1,1,0,0,0,0,0,4,39,8,4.496461254696261,1,-1,1,0,1,0,6,0,0,0,1
53,0,1,2,0,0,0,0,0,0,4,40,9,4.284458313732673,0,-1,1,0,0,0,0,0,0,0,1
46,0,3,4,2,0,0,0,1,0,6,30,10,4.3523814564716385,1,-1,1,0,0,0,0,0,0,0,1
30,0,1,2,0,0,0,0,1,0,2,23,5,3.828072996388509,0,-1,1,6,0,1,7,0,0,0,1
58,0,1,3,0,0,0,0,0,0,5,43,10,4.620490693216928,0,-1,1,0,0,0,0,0,0,0,0
35,0,0,1,0,0,0,0,0,0,3,26,6,4.014438730983426,1,-1,0,0,0,0,0,0,0,0,1
61,1,0,4,0,0,0,0,0,0,9,40,12,4.772881755872873,0,-1,0,0,0,0,0,0,0,0,1
34,0,1,2,0,0,0,0,0,0,0,27,7,3.984234164652488,1,-1,0,0,0,0,0,0,0,0,0
35,0,1,3,0,0,0,0,0,0,1,27,7,3.857016588002657,0,-1,0,0,0,0,0,0,0,0,0
33,0,1,2,1,0,0,1,0,0,0,26,7,4.142138437212473,0,-1,0,0,0,0,0,0,0,0,1
25,0,1,2,0,0,0,0,0,0,0,19,6,3.7834651896016456,0,-1,1,55,0,1,17,1,0,14,0
24,0,1,2,0,0,0,0,0,0,0,18,6,3.772055208874201,1,-1,0,0,0,0,0,0,0,0,0
76,0,1,3,3,0,0,0,0,0,5,61,10,4.602208270588781,0,-1,1,81,4,0,53,1,0,4,0
42,0,1,2,0,0,0,0,0,0,0,35,7,3.9370932447129574,0,-1,1,0,0,1,3,0,0,0,0
143,0,1,3,0,0,0,0,0,0,6,120,17,5.316942030313344,0,-1,0,0,0,0,0,0,0,0,1
128,0,3,4,1,0,0,0,0,0,16,93,19,4.727452198603858,1,-1,1,0,0,0,0,0,0,0,1
24,0,1,2,0,0,0,0,0,0,0,18,6,3.6572682296173897,0,-1,0,0,0,0,0,0,0,0,0
94,0,2,4,0,0,0,0,0,0,0,82,12,4.364988055892235,0,-1,0,0,0,0,0,0,0,0,1
97,0,0,1,0,0,0,0,0,0,29,50,18,4.909918868689823,0,-1,0,0,0,0,0,0,0,0,1
73,0,1,2,0,0,0,0,0,0,0,62,11,4.434850121366939,1,-1,0,0,0,0,0,0,0,0,0
28,0,1,2,0,0,0,0,0,0,0,21,7,3.851823225551767,0,-1,0,0,0,0,0,0,0,0,1
62,0,1,2,2,0,0,0,1,0,0,53,9,4.044460375001262,0,-1,0,0,0,0,0,0,0,0,0
78,0,3,4,2,0,0,0,1,0,9,59,10,4.557605347445475,1,-1,0,0,0,0,0,0,0,0,1
24,0,1,2,0,0,0,0,0,0,0,18,6,3.6572682296173893,1,-1,0,0,0,0,0,0,0,0,0
126,0,3,4,1,0,0,0,0,0,12,96,18,4.710764845058316,0,-1,1,0,0,0,0,0,0,0,1
25,0,1,2,0,0,0,0,0,0,2,16,7,3.733660689688185,0,-1,0,0,0,0,0,0,0,0,1
100,0,1,3,4,0,0,0,0,0,12,74,14,4.808465630737975,1,-1,0,0,0,0,0,0,0,0,0
127,0,3,4,1,0,0,0,0,0,24,85,18,4.831540342793536,1,-1,1,0,0,0,0,0,0,0,1
54,0,0,1,1,0,0,0,0,0,1,44,9,4.156022753503518,0,-1,0,0,0,0,0,0,0,0,1
45,0,1,2,1,0,0,0,1,0,0,37,8,4.105974696849669,1,-1,1,106,21,1,45,1,0,4,0
56,0,1,2,3,0,0,0,0,0,0,45,11,4.307117985122874,0,-1,1,0,0,0,0,0,0,0,0
122,0,1,3,0,0,0,0,0,0,8,90,24,4.496168804525141,0,-1,0,0,0,0,0,0,0,0,0
23,0,1,2,0,0,0,0,0,0,0,17,6,3.6424896731661263,1,-1,0,0,0,0,0,0,0,0,1
46,0,0,2,0,0,0,0,0,0,0,37,9,4.153571738477581,0,-1,0,0,0,0,0,0,0,0,1
47,0,2,3,2,0,0,0,0,0,0,38,9,4.189930011519816,0,-1,0,0,0,0,0,0,0,0,1
46,0,1,2,2,0,0,0,1,0,0,38,8,4.273911011375186,1,-1,0,0,0,0,0,0,0,0,0
65,0,1,3,0,0,0,0,0,0,0,56,9,3.986538931341101,0,-1,0,0,0,0,0,0,0,0,0
106,0,1,2,1,0,0,0,0,0,23,70,13,4.672838828959377,0,-1,0,0,0,0,0,0,0,0,1
55,0,1,2,2,0,0,0,0,0,0,45,10,4.097662278358699,0,-1,1,0,0,0,0,0,0,0,0
81,0,1,5,0,0,0,0,0,0,1,61,19,4.130422679111848,0,-1,0,0,0,0,0,0,0,0,1
85,0,1,3,0,0,0,0,1,0,5,65,15,4.3453681785350655,1,-1,0,0,0,0,0,0,0,0,0
30,0,1,3,1,0,0,0,0,0,0,21,9,3.964735178725505,0,-1,0,0,0,0,0,0,0,0,1
75,0,2,3,2,0,0,0,0,0,6,57,12,4.548986198237455,0,-1,0,0,0,0,0,0,0,0,1
42,0,1,2,0,0,0,0,0,0,0,35,7,4.034709089239382,0,-1,0,0,0,0,0,0,0,0,0
67,0,1,2,3,0,0,0,0,0,0,56,11,4.361417557494121,0,-1,1,14,0,1,47,0,0,1,0
47,0,1,3,0,0,0,0,0,0,0,39,8,3.934610862583645,1,-1,0,0,0,0,0,0,0,0,0
23,0,1,2,0,0,0,0,0,0,0,17,6,3.4685766296878655,0,-1,0,0,0,0,0,0,0,0,0
45,0,1,2,0,0,0,0,0,0,0,38,7,4.199876085498172,0,-1,0,0,0,0,0,0,0,0,0
55,0,0,2,2,0,0,1,0,0,0,43,12,4.280535396361308,1,-1,0,0,0,0,0,0,0,0,1
41,0,1,2,0,0,0,0,0,0,0,34,7,4.265969382614097,0,-1,0,0,0,0,0,0,0,0,1
46,0,0,2,0,0,0,0,0,0,2,36,8,4.127065630893371,0,-1,0,0,0,0,0,0,0,0,1
126,0,3,4,1,0,0,0,0,0,19,89,18,4.669524758787854,0,-1,0,0,0,0,0,0,0,0,1
56,0,1,2,2,0,0,0,0,0,3,44,9,4.132811395078722,0,-1,0,0,0,0,0,0,0,0,1
70,0,0,3,0,1,0,0,0,0,0,58,12,4.394996010998428,1,-1,0,0,0,0,0,0,0,0,1
77,0,0,2,2,0,0,0,0,0,6,58,13,4.9535473786330355,0,-1,0,0,0,0,0,0,0,0,1
53,0,1,2,0,0,0,0,0,0,3,41,9,4.284458313732673,0,-1,0,0,0,0,0,0,0,0,1
18,0,0,1,0,0,0,0,0,0,0,13,5,3.5724312513221195,1,-1,1,0,0,0,1,0,0,0,0
23,0,0,1,0,0,0,0,0,0,1,17,5,3.7950885863977324,1,-1,0,0,0,0,0,0,0,0,1
99,0,1,2,2,0,0,0,0,0,8,77,14,5.234860534743135,1,-1,1,0,0,0,0,0,0,0,1
27,0,1,2,0,0,0,0,0,0,0,21,6,3.810081020521731,0,-1,0,0,0,0,0,0,0,0,1
55,0,1,2,3,0,0,0,0,0,0,44,11,4.135841650542515,0,-1,0,0,0,0,0,0,0,0,0
31,0,1,2,0,0,0,0,0,0,4,21,6,4.091135423220312,1,-1,0,0,0,0,0,0,0,0,0
60,0,1,3,0,0,0,0,1,0,3,45,12,3.9453808544133353,1,-1,0,0,0,0,0,0,0,0,0
54,0,1,3,2,0,1,1,0,0,0,41,13,3.9372027258964115,0,-1,0,0,0,0,0,0,0,0,1
231,0,0,3,3,0,0,0,0,0,49,155,27,5.143607132599516,0,-1,0,0,0,0,0,0,0,0,1
65,0,1,2,4,0,0,0,0,0,0,54,11,4.148313389518837,0,-1,0,0,0,0,0,0,0,0,0
84,0,1,3,4,0,0,0,0,0,28,38,18,4.969424048104097,0,-1,0,0,0,0,0,0,0,0,0
38,0,1,2,0,0,0,0,1,0,0,33,5,4.102933434382349,0,-1,0,0,0,0,0,0,0,0,1
101,0,1,2,8,0,0,0,0,0,0,87,14,4.218924578524213,0,-1,0,0,0,0,0,0,0,0,1
32,0,1,2,0,0,0,0,0,0,0,26,6,4.179229296672174,0,-1,1,3,0,0,1,0,0,5,1
89,0,0,3,0,0,0,0,0,0,1,73,15,4.456589015909593,0,-1,0,0,0,0,0,0,0,0,1
39,0,1,2,0,0,0,0,0,0,0,30,9,4.162980744225907,1,-1,1,24,107,1,45,2,0,0,0
29,0,1,2,0,0,0,0,0,0,0,23,6,3.8278326164749097,1,-1,1,44,18,1,25,0,0,1,0
23,0,1,2,0,0,0,0,0,0,0,18,5,4.001822825622231,1,-1,0,0,0,0,0,0,0,0,1
108,0,1,2,6,0,0,0,0,0,7,88,13,4.644108018331023,1,-1,0,0,0,0,0,0,0,0,0
52,0,0,3,1,0,0,0,0,0,3,39,10,4.380647593466271,1,-1,0,0,0,0,0,0,0,0,1
1386,0,0,13,11,0,1,0,0,0,269,1012,105,5.836790370155625,0,-1,0,0,0,0,0,0,0,0,1
101,0,1,2,9,0,0,0,0,0,8,74,19,4.51960578309583,0,-1,1,90,20,0,39,1,0,1,0
119,0,1,4,1,0,0,0,0,0,1,100,18,4.541303344505569,0,-1,1,0,0,0,0,0,0,0,1
128,0,3,4,1,0,0,0,0,0,24,85,19,4.883107547607523,1,-1,0,0,0,0,0,0,0,0,1
31,0,1,2,0,0,0,0,0,0,0,24,7,4.0022680844408445,0,-1,0,0,0,0,0,0,0,0,1
49,0,1,2,0,0,0,0,0,0,0,42,7,4.041701549837171,0,-1,1,26,19,1,12,0,0,0,0
41,0,0,1,1,0,0,1,0,0,10,22,9,4.210733711724087,0,-1,1,7,38,1,21,0,0,3,0
37,0,1,2,0,0,0,0,0,0,1,29,7,3.9590570816697497,0,-1,0,0,0,0,0,0,0,0,1
21,0,1,2,0,0,0,0,0,0,0,16,5,3.7849418274376423,1,-1,0,0,0,0,0,0,0,0,1
24,0,1,2,0,0,0,0,0,0,0,18,6,3.6572682296173897,1,-1,0,0,0,0,0,0,0,0,0
63,0,1,3,2,0,0,0,0,0,0,53,10,4.442862613969782,0,-1,0,0,0,0,0,0,0,0,0
39,0,1,2,0,0,0,0,0,0,0,33,6,4.038499898783001,0,-1,0,0,0,0,0,0,0,0,0
24,0,1,2,0,0,0,0,0,0,0,18,6,3.8035088547976788,1,-1,1,26,28,1,25,1,0,7,0
55,0,0,3,1,0,0,0,0,0,0,44,11,4.381473923348459,0,-1,1,1,30,0,27,0,0,0,1
33,0,1,2,0,0,0,0,0,0,0,24,9,3.884858891889047,1,-1,0,0,0,0,0,0,0,0,0
66,0,4,6,0,0,0,0,1,0,17,38,11,4.544489294211623,0,-1,0,0,0,0,0,0,0,0,1
117,0,1,2,1,0,0,0,0,0,23,84,10,4.910975302077233,0,-1,0,0,0,0,0,0,0,0,1
70,0,0,1,6,0,0,1,0,0,0,58,12,3.8659165475747503,0,-1,0,0,0,0,0,0,0,0,1
52,0,1,2,1,0,0,0,0,0,0,44,8,4.1738228338092815,1,-1,1,21,60,1,15,0,0,2,0
241,0,4,5,0,0,0,0,0,0,48,170,23,5.2500268812169555,0,-1,0,0,0,0,0,0,0,0,1
27,0,0,1,1,0,0,1,0,0,0,20,7,3.865998613274581,0,-1,0,0,0,0,0,0,0,0,1
37,0,1,2,0,0,0,0,1,0,4,27,6,4.357837824971467,1,-1,0,0,0,0,0,0,0,0,1
21,0,0,1,0,0,0,0,0,0,0,17,4,3.880179922675737,0,-1,0,0,0,0,0,0,0,0,0
128,0,3,4,1,0,0,0,0,0,23,86,19,4.815397638626362,1,-1,0,0,0,0,0,0,0,0,1
24,0,1,2,0,0,0,0,0,0,0,18,6,3.772055208874201,1,-1,0,0,0,0,0,0,0,0,0
51,0,0,2,0,0,0,0,0,0,0,42,9,3.944210332414287,0,-1,1,0,0,0,0,0,0,0,1
72,0,1,2,6,0,0,0,0,0,7,51,14,4.449584947789981,0,-1,1,5,94,1,37,0,1,15,0
52,0,1,2,2,0,0,0,0,0,0,43,9,4.20093647869807,0,-1,0,0,0,0,0,0,0,0,0
16,0,0,1,0,0,0,0,0,0,0,11,5,3.4056390622295662,1,-1,1,8,1,1,7,0,0,0,0
72,0,1,3,1,0,0,0,0,0,0,60,12,4.532559509609942,0,-1,1,0,0,0,0,0,0,0,0
39,0,1,2,0,0,0,0,1,0,0,31,8,3.9040098347359096,1,-1,0,0,0,0,0,0,0,0,1
45,0,2,3,0,0,0,0,0,0,0,37,8,3.939090807864626,0,-1,0,0,0,0,0,0,0,0,0
70,0,1,3,0,0,0,0,0,0,2,55,13,4.499095389252757,0,-1,0,0,0,0,0,0,0,0,1
43,0,3,4,0,0,0,0,0,0,4,31,8,4.303830742923251,0,-1,1,0,0,0,1,0,0,0,1
25,0,0,1,0,0,0,0,1,0,0,20,5,3.753269689515107,0,-1,0,0,0,0,0,0,0,0,1
38,0,1,2,0,0,0,0,0,0,1,29,8,4.218469211370855,0,-1,0,0,0,0,0,0,0,0,1
54,0,1,3,0,0,0,0,0,0,2,42,10,4.291265975503148,0,-1,0,0,0,0,0,0,0,0,0
18,0,0,2,0,0,0,0,0,0,0,13,5,3.4613201402110083,0,-1,0,0,0,0,0,0,0,0,0
35,0,1,2,2,0,0,0,0,0,0,27,8,4.0360069453309535,0,-1,0,0,0,0,0,0,0,0,0
